subj,PMC,total time,mean x,std x,var x,median x,kurtosis x,skewness x,max x,min x,mean y,std y,var y,median y,kurtosis y,skewness y,max y,min y,mean z,std z,var z,median z,kurtosis z,skewness z,max z,min z,mean Rx,std Rx,var Rx,median Rx,kurtosis Rx,skewness Rx,max Rx,min Rx,mean Ry,std Ry,var Ry,median Ry,kurtosis Ry,skewness Ry,max Ry,min Ry,mean Rz,std Rz,var Rz,median Rz,kurtosis Rz,skewness Rz,max Rz,min Rz,mean tt,std tt,var tt,median tt,kurtosis tt,skewness tt,max tt,min tt,mean tr,std tr,var tr,median tr,kurtosis tr,skewness tr,max tr,min tr
au70_T1,1,722.9875,1.093078674,0.510002781,0.260102836,1.33125,0.346392224,-1.340014695,1.66428,-0.16541,-0.545598343,0.385394695,0.148529071,-0.70429,-0.936474544,0.704356395,0.4969,-1.31926,-0.724244748,0.315746588,0.099695908,-0.7901,-1.064834082,0.41814729,0.08013,-1.3156,0.072087083,0.095466144,0.009113785,0.094587648,-0.881850527,-0.370048113,0.3460256,-0.192020428,0.356687179,0.185568941,0.034435832,0.459844296,-0.090680171,-1.199092728,0.528979507,-0.090090573,-0.138782531,0.053598428,0.002872791,-0.155907504,1.553044579,1.541862224,0.028258191,-0.27118879,8.441919165,6.146851656,37.78378528,10.2179623,-1.498355646,-0.162721398,20.51478869,0,0.050996783,0.034643078,0.001200143,0.06538941,-1.478704923,-0.407751779,0.126884108,0
dl43_T1,1,722.9875,0.481547765,0.296908868,0.088154876,0.55954,-0.99312485,-0.525296867,0.96259,-0.23095,0.096014514,0.152466662,0.023246083,0.0775,-0.988972518,0.082409395,0.45074,-0.28126,-0.823342267,0.464041964,0.215334944,-0.8845,-1.398094014,0.270648628,0.1533,-1.5193,-0.070419685,0.059780159,0.003573667,-0.072685541,-1.167000606,0.142762899,0.077519333,-0.202372357,0.201135182,0.155948903,0.02432006,0.211589987,-1.238933534,-0.076815425,0.463415236,-0.114964737,0.009039398,0.037155283,0.001380515,0.00061932,-0.986016124,0.467274752,0.111018681,-0.063900979,2.533537439,2.712207009,7.356066858,1.305233202,-1.00876673,0.667825709,10.50600146,0,0.010935508,0.015337092,0.000235226,0.002705935,0.630348314,1.404096129,0.060261288,0
dn20_T1,1,722.975,-2.910125441,1.09301123,1.194673549,-3.30642,0.976877574,1.550658256,0.11609,-4.39512,1.495100686,0.552352879,0.305093703,1.515,1.594983601,-1.480515623,2.2525,-0.0965,-2.439613381,0.958939093,0.919564184,-2.8852,0.606146236,1.327645232,0.0952,-3.7203,-0.721965301,0.250916057,0.062958867,-0.774028529,1.785301594,1.639338804,0.028083711,-1.090649728,0.042682262,0.263798453,0.069589624,0.082974563,-1.464270745,-0.07953096,0.516652575,-0.405611905,0.881865491,0.40951238,0.16770039,1.050768693,-0.469048099,-0.956687386,1.412815133,-0.040949027,439.4504952,244.4611621,59761.25978,491.949379,-0.637018333,-0.616421793,1041.677019,0,3.189593609,2.070873314,4.288516282,3.402384395,-0.952262128,-0.113219982,9.984967188,0
dp20_T1,1,723.0,-1.635988016,0.861280329,0.741803805,-1.9424,-0.611617285,0.769401584,0.9811,-2.99582,0.265531898,0.153052889,0.023425187,0.2611,-0.742720036,0.13563523,0.8927,-0.1926,-0.846764894,0.34491884,0.118969006,-0.901,-0.528915925,0.49731871,0.1513,-1.5591,-0.169536525,0.073561708,0.005411325,-0.173824462,-0.55575798,0.244745019,0.057379227,-0.395899622,-0.177770761,0.135360199,0.018322383,-0.232483168,-0.75383706,0.730579881,0.25403424,-0.414179541,0.30370628,0.123610772,0.015279623,0.339094354,0.013146534,-0.981654938,0.506406588,-0.08361583,27.19307979,25.41328478,645.8350432,22.61872463,-0.506992079,0.685080935,120.8781534,0,0.050304718,0.045401276,0.002061276,0.042074596,-0.208511868,0.756060022,0.253798272,0
iy25_T1,1,722.9875,0.119700838,0.121999099,0.01488378,0.09218,-1.157443521,0.283079271,0.42339,-0.133957,-0.1104793,0.131352197,0.0172534,-0.0933,42.07252025,2.044884808,2.42644,-0.5551,-0.373270305,0.220092794,0.048440838,-0.36792,-0.30261602,-0.144003946,0.17431,-1.64088,0.029186483,0.115849115,0.013421017,0.043034028,73.51189788,-4.017709524,0.304914368,-2.528099466,0.005947238,0.015651498,0.000244969,0.006233747,4.102361106,0.45939632,0.189871264,-0.047792384,-0.034850435,0.0329993,0.001088954,-0.028831506,-0.676134486,-0.409478084,0.146808301,-0.174516277,0.123644183,1.128215455,1.272870113,0.03732597,3199.082136,54.81818534,74.19525175,0,0.013445054,0.643811551,0.414493314,3.37878e-05,3170.257446,55.12363618,41.41496564,0
kc73_T1,1,722.9875,0.575474797,0.368141432,0.135528114,0.64295,-0.281176825,-0.509585091,2.0072,-0.7688,-1.430945802,0.700253444,0.490354886,-1.68027,-0.881444459,0.675675514,0.18208,-2.67477,1.814960146,0.873834541,0.763586806,1.9831,-0.721725277,-0.342080256,3.960053,-0.0544,0.593069969,0.28127569,0.079116014,0.688306477,-0.81311983,-0.657037091,1.113185113,-0.071225606,0.26194077,0.123136172,0.015162517,0.286198453,-0.513427182,-0.470135562,0.67099756,-0.050124176,-0.010514,0.070738623,0.005003953,-0.005808592,-0.57892134,0.130578176,0.261601482,-0.22462197,72.42622,76.0428885,5782.520892,60.37356876,4.098507246,1.737711017,548.5278252,0,0.385174284,0.360572288,0.130012375,0.329577015,0.870337578,0.980631704,2.244612592,0
me21_T1,1,722.9125,-3.997608425,1.447500152,2.09525669,-4.6106,0.351111228,1.120682122,0.0174,-6.0286,-0.508560973,0.524191434,0.27477666,-0.31361,-0.976433474,-0.686800546,0.20159,-1.83601,0.830703335,0.654558553,0.428446899,0.55087,-1.024673382,0.590718878,2.43827,-0.18811,0.171388849,0.227469138,0.051742209,0.072260587,-0.677110159,0.879897794,0.806302839,-0.121028661,0.799084176,0.634240342,0.402260811,0.784924464,-1.468877229,0.137012206,1.942452955,-0.099554225,1.981833579,1.023959773,1.048493618,2.194718379,-1.239132627,-0.398057924,3.276328339,-0.006202898,503.6656361,388.9306049,151267.0154,487.9618563,-1.101394795,0.256547446,1490.113729,0,60.97114345,65.523395,4293.315292,29.47669491,-1.08050245,0.632919111,219.6168148,0
mf79_T1,1,722.9875,0.160685002,0.706294037,0.498851266,-0.0768,0.120362863,1.018217424,3.5708,-1.4957,-0.212712408,0.295948465,0.087585494,-0.24749,23.69961157,2.679454978,3.61831,-1.91569,0.928923779,0.49859629,0.248598261,0.983,1.038314542,-0.500912578,3.3322,-2.97841,0.050694248,0.102299054,0.010465096,0.05756267,36.85370006,-3.546322382,0.682418414,-1.438928203,0.116937224,0.077487739,0.00600435,0.117205152,2.201031226,0.826307948,0.64451359,-0.097064487,0.115350341,0.20271886,0.041094936,0.17324982,-0.349785471,-0.691958756,0.654437951,-0.851906662,5.043577734,11.22336738,125.9639753,3.214497107,713.0223046,21.78010632,482.9500934,0,0.017002743,0.12428548,0.015446881,0.005350541,719.2263879,24.6098971,4.959521847,0
nv85_T1,1,722.9875,3.788398267,1.957878215,3.833287105,4.674,-1.239582705,-0.578425799,6.8743,-0.2582,-0.272051497,0.474935396,0.22556363,-0.213,-0.941323804,-0.146832988,0.7936,-1.61258,0.210539604,0.488379306,0.238514346,0.1574,-0.445033821,0.286615752,1.8217,-0.9869,0.127657555,0.18749787,0.035155451,0.139632894,-0.994077284,-0.070690127,0.583669619,-0.313440732,-0.241447899,0.121276236,0.014707925,-0.209697281,-0.71510348,-0.30077283,0.04477471,-0.532506104,-1.487000798,0.711758678,0.506600415,-1.763746783,-1.083718181,0.547975974,0.122900391,-2.562600959,529.0797687,496.6014533,246613.0034,489.7280853,0.115284836,0.744540422,2715.728413,0,11.90592461,11.4260106,130.5537183,10.23033004,-0.339922897,0.754068167,48.14414094,0
pa30_T1,1,722.9875,1.122239041,1.171927347,1.373413706,0.507965,-0.441810006,1.017783174,3.99266,-0.08028,0.749030328,0.530665664,0.281606047,0.6358,-0.745344615,0.620338899,2.6262,-0.0688,-1.044220616,0.748128477,0.559696219,-0.81076,-0.808472014,-0.687310283,0.08172,-3.30866,-0.32494858,0.210233629,0.044198179,-0.289039433,-0.591199164,-0.603361213,0.038042946,-1.141896733,0.48941351,0.521242193,0.271693424,0.206660822,-0.358677167,1.042348159,1.781609694,-0.058629926,0.081158902,0.086214399,0.007432923,0.041703785,-0.920908074,0.730988017,0.399396261,-0.038128453,76.73061417,148.5093131,22055.01608,1.760615304,2.787108301,2.006515122,677.1250721,0,1.460233539,3.001378066,9.008270293,0.016524576,3.62250817,2.176985541,15.38322516,0
qg37_T1,1,722.9875,-0.324007455,0.172692294,0.029822628,-0.3227,-0.497259992,0.141920852,0.153864,-0.92013,-0.530439834,0.365867343,0.133858912,-0.713987,-1.467059361,0.363671968,0.573083,-1.162887,0.331138738,0.279160764,0.077930732,0.4517,-1.530441221,-0.283901255,0.8478,-0.7754,0.151876892,0.109518501,0.011994302,0.202706612,-1.465332745,-0.345042989,0.346213027,-0.207880218,-0.148552504,0.079411637,0.006306208,-0.176002986,-0.867341935,0.544671004,0.040183221,-0.357895892,-0.080283894,0.051644046,0.002667107,-0.100505482,-0.887947472,0.602264758,0.046626687,-0.225112739,0.885441618,0.867114788,0.751888056,0.95524468,-0.476889059,0.572659234,4.792471167,0,0.008223609,0.007616109,5.80051e-05,0.009212294,-0.574733447,0.392470958,0.058500702,0
sc17_T1,1,722.9875,1.314509485,1.014765804,1.029749636,1.15606,-1.247405412,0.330925898,3.35099,-0.23855,-2.255976537,2.107952958,4.443465671,-1.66689,-1.164049439,-0.507879462,0.16014,-6.41729,3.114019755,2.92127328,8.533837577,2.156333,-1.220213916,0.512555292,9.177033,-0.219537,1.088279255,1.001510662,1.003023607,0.838616455,-1.131924485,0.480253745,3.129185788,-0.06005258,-0.046529786,0.135268056,0.018297447,0.010027921,-0.891755992,-0.818637026,0.132869809,-0.374448193,-0.478164515,0.402048864,0.161643289,-0.387457596,-1.30211571,-0.4358701,0.04479732,-1.259131765,2428.243382,4091.049281,16736684.22,74.40563977,1.879531872,1.727117742,18458.84023,0,17.42514399,30.15624189,909.3989248,0.728383849,2.48216915,1.874081173,128.3963636,0
um68_T1,1,722.9875,0.633871764,0.163097892,0.026600922,0.6586,7.988766549,-2.694717189,1.1663,-0.0354,0.163376394,0.165273921,0.027315469,0.17901,-0.761546158,-0.345012144,0.50078,-0.31114,-0.673124566,0.375768089,0.141201657,-0.7217,-0.962336983,0.291588515,0.15149,-1.3809,-0.067015635,0.075864456,0.005755416,-0.072877257,-0.849956396,0.17155343,0.136389405,-0.250134947,0.227454871,0.059227469,0.003507893,0.237499618,7.709429986,-2.647424082,0.416401133,-0.019672884,-0.037472804,0.012778805,0.000163298,-0.03927996,1.494242437,0.921199693,0.017100965,-0.107095431,1.469728699,1.321148132,1.745432387,0.971511252,0.286664788,1.097822623,6.727709004,0,0.005086276,0.003042071,9.2542e-06,0.004404331,3.364029895,1.082137981,0.032545214,0
ut70_T1,1,723.0,-1.046113259,0.600266253,0.360319575,-1.15304,-1.432859728,0.152243844,0.05736,-2.00664,-0.879243379,0.607228753,0.368726758,-1.07798,-1.472477297,0.091709836,0.31886,-1.96798,-0.089055489,0.211804563,0.044861173,-0.12409,-0.335147599,0.537110596,0.5998,-0.7218,0.357801673,0.233331697,0.054443681,0.427488295,-1.41828144,-0.139286673,0.770565335,-0.186839997,-0.182784733,0.108589439,0.011791666,-0.222843428,-1.246917807,0.358679703,0.065550754,-0.363799259,0.234457163,0.12642896,0.015984282,0.227452019,-1.313346123,-0.07049118,0.47218348,-0.036768429,12.17771859,14.12846751,199.6135941,6.340447985,-0.083201151,0.959626655,59.57258367,0,0.154760434,0.178147456,0.031736516,0.083097281,-0.432585679,0.873285274,0.758196021,0
vk04_T1,1,722.9875,2.507143612,1.956594464,3.828261897,2.51036,-0.742050514,0.409372206,7.2814,-0.1507,0.673331187,0.502173931,0.252178657,0.4901,-0.054708199,1.00248871,1.969,-0.1658,-0.709637617,0.530820973,0.281770905,-0.5253,-0.127021101,-0.949282557,0.0853,-2.1088,-0.250573092,0.228851943,0.052373212,-0.149544853,0.46885907,-1.27783594,0.053387634,-0.9126388,0.493042483,0.381417882,0.145479601,0.488310897,-0.796378599,0.437374537,1.438816435,-0.031319298,-0.469632175,0.394135871,0.155343085,-0.455519463,-0.7883241,-0.363403723,0.114169991,-1.409440201,331.6648986,657.7559315,432642.8654,46.25872975,6.136852533,2.554127043,3614.86005,0,1.982601071,4.022589374,16.18122527,0.220411481,6.23545437,2.575801338,22.31069581,0
vq83_T1,1,722.975,-0.107216321,0.301543858,0.090928698,-0.10101,14.84639013,-1.349015017,1.96594,-2.71466,0.68105553,1.946166286,3.787563212,0.21246,37.27020706,5.366743735,18.82543,-3.11007,-0.81624976,1.936799092,3.751190722,-0.30313,30.41923717,-4.575088532,3.04868,-18.28932,-0.384139646,0.868287469,0.75392313,-0.190038744,33.24234433,-4.724869968,3.138669148,-8.29322971,-0.01932809,0.157225285,0.02471979,-0.068365865,6.00702164,1.839794923,1.150295389,-0.516226111,0.060325359,0.168275898,0.028316778,-0.006746197,4.610495737,1.653173246,1.239644975,-0.2173444,2605.766092,27399.2619,750719552.8,0.265493675,194.5497914,13.38518301,473952.669,0,26.92641257,276.7476296,76589.25047,0.005081234,187.4976671,13.12433277,4859.501628,0
ws31_T1,1,722.9875,1.470484504,0.739826459,0.54734319,1.6992,-0.809138072,-0.65390357,2.8391,-0.2015,-0.146752484,0.133999626,0.0179559,-0.12783,-0.797993912,-0.201650012,0.48741,-0.52026,-0.042856366,0.143544867,0.020605129,-0.04073,-0.508046352,0.068864701,0.42622,-0.7001,-0.017179336,0.053420931,0.002853796,-0.016955903,-0.082561722,-0.31829722,0.118020083,-0.312513479,-0.087091665,0.075411034,0.005686824,-0.069764038,-0.947385983,-0.13314934,0.094285132,-0.257635265,-0.788796001,0.365139799,0.133327073,-0.952070237,-0.749824371,0.715239414,0.073080518,-1.278618472,11.31017151,10.79468446,116.5252125,8.827599592,-0.622082752,0.646929141,69.78470979,0,0.849972668,0.749392047,0.561588441,0.875327469,-1.419509419,0.280740516,2.726653247,0
ww25_T1,1,722.9875,-1.096280818,0.894930046,0.800899788,-0.75226,-0.523034742,-0.67699963,0.1334,-4.6423,0.481198277,0.399599499,0.15967976,0.45438,0.908638572,0.592534808,2.75561,-1.47069,-1.002463901,0.619071179,0.383249124,-0.95427,-1.177681353,0.001871423,0.6503,-3.05207,-0.140152661,0.169797879,0.02883132,-0.114784495,1.964588771,-0.839570986,0.735793477,-1.156072682,-0.098290852,0.101411039,0.010284199,-0.038125485,-0.785693101,-0.441786572,0.620230015,-0.348847413,0.170128173,0.214803655,0.04614061,0.084731799,3.651336557,1.623540815,2.074092777,-0.108085352,29.93485276,47.31681798,2238.881263,3.339299982,10.49380295,2.577986176,594.0965731,0,0.061662196,0.319995638,0.102397208,0.001566291,2403.680421,41.78822392,22.44039875,0
xi27_T1,1,722.9875,0.11783806,0.583704993,0.340711519,-0.18407,0.054276723,1.128928914,1.79189,-0.63371,0.738917968,0.351286972,0.123402537,0.683,-1.030281911,0.011890884,1.5233,-0.0875,-1.054848641,0.678801167,0.460771024,-0.9281,-1.17318754,-0.349932402,0.115,-2.6395,-0.336193752,0.196057755,0.038438643,-0.298247788,-1.054401889,-0.253894247,0.059611546,-0.779638248,0.013827812,0.102954323,0.010599593,-0.01128627,1.022620788,1.180088544,0.369456267,-0.156764102,-0.062680826,0.170332315,0.029013098,0.018735668,-0.923774808,-0.732506451,0.172070141,-0.480769742,13.80592695,23.25326658,540.7144069,2.157888527,4.647515816,2.249883342,137.2606105,0,0.079523003,0.138058311,0.019060097,0.010298329,4.847368514,2.30994092,0.730101202,0
xx54_T1,1,722.9875,0.088189292,0.0486096,0.002362893,0.0921,-0.132607509,-0.095817209,0.256,-0.0386,-0.575752434,0.166294981,0.027654021,-0.5985,2.862682191,1.433715803,0.1099,-0.9443,0.259231395,0.106809471,0.011408263,0.2666,-0.243594578,-0.361068849,0.5256,-0.0981,0.182774018,0.05985136,0.003582185,0.188629656,2.041681469,-1.154116679,0.329748699,-0.065337981,0.052948239,0.017962702,0.000322659,0.057166816,-0.271849952,-0.719467758,0.097690236,-0.005181804,0.018982576,0.013898423,0.000193166,0.01836903,0.575325198,0.181977989,0.087568817,-0.036256714,0.241844092,0.190251878,0.036195777,0.202198486,1.368172837,1.216825519,1.348537167,0,0.002029693,0.001695114,2.87341e-06,0.001542801,1.958319905,1.377494662,0.013351911,0
yv98_T1,1,722.975,0.515893915,0.391706233,0.153433773,0.57096,-1.084944086,-0.150334202,1.295329,-0.2921,1.264273909,0.646580544,0.4180664,1.3806,-1.191681943,-0.332014933,2.2351,-0.1945,-1.047596192,0.583491842,0.34046273,-1.1869,-1.32779244,0.345814305,0.2536,-1.9642,-0.502219515,0.28010213,0.078457203,-0.532566277,-1.326304175,0.218456258,0.083265193,-0.928142139,0.044077348,0.073974658,0.00547225,0.030748729,2.057188939,1.375258336,0.337796957,-0.082545492,-0.101077249,0.103875815,0.010790185,-0.138991298,-1.512826578,0.154769643,0.091600239,-0.286673768,24.05977729,25.35693099,642.9739491,13.94441267,-1.084911674,0.638670513,92.93865014,0,0.211718606,0.22972299,0.052772652,0.112954767,-1.088767929,0.672680868,0.805408403,0
au70_T2,1,311.2,-0.289878431,0.14276472,0.020381765,-0.2486,-1.022047388,-0.038367093,0.0391,-0.57193,0.451326191,0.228953398,0.052419659,0.381215,-1.343210028,0.063801197,0.87496,-0.04841,-0.291225556,0.148120391,0.02193965,-0.2449,-1.239061926,-0.092015812,0.1018,-0.6115,-0.171979963,0.079526209,0.006324418,-0.147936774,-1.197434428,-0.012787966,0.031432192,-0.332544962,-0.122883176,0.059465211,0.003536111,-0.114695966,-1.110895889,0.061365531,0.012995169,-0.237047773,-0.004653083,0.014613618,0.000213558,-0.003713092,-0.499443431,-0.129701636,0.044369685,-0.068075101,0.367408669,0.446462255,0.199328545,0.069585302,-0.234816332,1.007048468,1.82938998,0,0.004790811,0.005589489,3.12424e-05,0.0012058,-0.42611473,0.941818563,0.023333931,0
dl43_T2,1,311.2125,0.275764711,0.128860026,0.016604906,0.3233,0.049345846,-0.893273948,0.5005,-0.1714,0.168790811,0.086386055,0.00746255,0.1665,6.194810157,1.035101581,1.0281,-0.0462,-0.25572924,0.089678371,0.00804221,-0.25091,2.257599156,-0.827326438,0.0,-0.78956,-0.060080802,0.031757586,0.001008544,-0.055580634,3.79364082,-1.113140667,0.024561546,-0.328546322,0.095264477,0.045161838,0.002039592,0.113150149,-0.517467239,-0.748441228,0.18638749,-0.044195289,0.02004106,0.015251781,0.000232617,0.022894665,0.388184635,-0.813933803,0.059995893,-0.041461529,0.050298508,0.093166195,0.00867994,0.04061492,799.8795369,25.31088475,3.431518023,0,0.000331382,0.000567737,3.22326e-07,0.000305468,789.2208212,25.45082519,0.020074283,0
dn20_T2,1,311.2125,0.067269834,0.068236007,0.004656153,0.0624,0.258211934,-0.28560241,0.2635,-0.2074,0.131763691,0.069883687,0.00488373,0.1404,-0.543373664,-0.389356103,0.3081,-0.0924,-0.235408102,0.151418481,0.022927557,-0.2595,-0.725399491,0.336173498,0.1737,-0.6125,-0.066042304,0.039814363,0.001585184,-0.070335959,-0.730205618,0.318602352,0.050849102,-0.161572389,0.07397444,0.029980272,0.000898817,0.076020143,-0.594884013,-0.259703923,0.146657835,-0.017478281,0.047723343,0.032055007,0.001027523,0.050737901,-0.163492349,-0.405263268,0.134736954,-0.055350365,0.019202498,0.024659981,0.000608115,0.009423843,4.579230773,1.934538378,0.224784189,0,0.000356509,0.000382088,1.45991e-07,0.000231755,0.661811597,1.170227497,0.002278701,0
dp20_T2,1,311.2125,-1.439866568,0.876891286,0.768938327,-1.5609,-1.106304233,0.337427735,0.5947,-3.2098,-0.462815431,0.381648751,0.145655769,-0.57892,-0.144275811,0.862165244,0.5311,-1.09846,-0.451379251,0.235610608,0.055512358,-0.47341,0.417622321,0.555749555,0.29805,-1.12801,0.10865451,0.133073907,0.017708665,0.141413551,0.303433623,-0.93529706,0.345223009,-0.254414532,-0.181823767,0.143693578,0.020647844,-0.188810399,-0.987981773,0.22659232,0.197585155,-0.481270957,0.292477409,0.151562789,0.022971279,0.322067791,-0.841425505,-0.478584943,0.62010027,-0.129793384,19.17719206,22.24781309,494.9651871,9.266693019,2.824590412,1.504630633,132.2335255,0,0.05836957,0.069006164,0.004761851,0.029150133,2.783545804,1.536632014,0.46145423,0
iy25_T2,1,311.225,0.029443101,0.042140311,0.001775806,0.03777,0.312274912,-0.590463199,0.23456,-0.11872,-0.462679817,0.610922098,0.373225809,-0.25035,2.188855307,-1.998408401,0.107,-2.1659,0.352047893,0.243101637,0.059098406,0.273873,1.094462711,1.331498786,1.154458,-0.051864,0.331664616,0.554680236,0.307670164,0.123131644,2.287205545,2.058531569,1.774996434,-0.020263495,0.002718747,0.039298816,0.001544397,0.015852881,1.970994523,-1.822070602,0.056622897,-0.124984605,0.010821757,0.020954969,0.000439111,0.010382345,0.967404087,0.030538566,0.113020796,-0.111820531,3.050236434,7.70218009,59.32357814,0.017800943,3.912518192,2.324643055,35.40899062,0,1.188972276,2.960218223,8.762891926,0.000262406,2.449710065,2.101710766,9.968317405,0
kc73_T2,1,311.225,0.07006403,0.168204394,0.028292718,0.041408,-0.646869003,0.105332283,0.5707,-0.37189,-0.052717362,0.245350168,0.060196705,-0.013245,-0.093620777,-0.60820166,0.51452,-0.77157,-0.352070305,0.329587419,0.108627866,-0.389,-0.27503284,0.245753686,0.59891,-1.1775,0.005298852,0.103009495,0.010610956,-0.011471001,-0.044847802,0.633971582,0.319285472,-0.232190626,0.042172812,0.04383968,0.001921918,0.030601568,-1.016076838,0.329487473,0.174278001,-0.075984407,0.028141747,0.043020276,0.001850744,0.023025309,0.920255424,0.259652972,0.168298241,-0.176040141,0.186460935,0.308748813,0.09532583,0.072466633,11.88296725,3.12815605,2.56012636,0,0.000546789,0.001018482,1.03731e-06,0.000157703,13.61927594,3.329926822,0.010926512,0
me21_T2,1,311.1875,0.149758302,0.149845424,0.022453651,0.1235,-0.623100004,0.304189041,0.5415,-0.1611,-0.240840053,0.074690599,0.005578686,-0.24799,1.120078341,0.696030008,0.05917,-0.50275,0.006928511,0.165851597,0.027506752,0.00141,-0.191351707,-0.051652873,0.4424,-0.52503,0.093812468,0.032627408,0.001064548,0.092032575,0.183016375,0.094229731,0.203654549,-0.033055889,-0.021377768,0.13039376,0.017002533,0.003041237,-0.154060709,-0.643995913,0.235600909,-0.37595066,-0.073752288,0.115608989,0.013365438,-0.069925671,-0.471274582,-0.314388949,0.142618451,-0.360533351,0.023283819,0.022866551,0.000522879,0.017180884,7.047794972,2.221871931,0.193018619,0,0.004721863,0.011511108,0.000132506,0.000694269,14.09264314,3.742627822,0.071170493,0
mf79_T2,1,311.2125,-0.048490283,0.040723938,0.001658439,-0.0484,3.913705999,-0.122589195,0.1807,-0.3578,0.033668229,0.0854935,0.007309139,0.034,-0.161125169,-0.08745465,0.3654,-0.2578,-0.068755661,0.148945289,0.022184699,-0.05585,-0.364253223,-0.106931286,0.3268,-0.6175,-0.013941221,0.030760132,0.000946186,-0.014086684,-0.145704599,0.060450476,0.094180079,-0.146749991,-0.010291549,0.014848762,0.000220486,-0.010891681,1.534094531,0.127291422,0.085011881,-0.099331314,-0.004511755,0.01094044,0.000119693,-0.004575095,0.118903206,0.019548949,0.042313145,-0.051954706,0.003396898,0.008688209,7.5485e-05,0.000544943,119.5904652,8.808567899,0.179706471,0,5.19765e-06,1.47117e-05,2.16434e-10,1.24451e-06,481.3565867,16.39473568,0.000614232,0
nv85_T2,1,311.225,-0.074284827,0.348615729,0.121532926,-0.0649,-0.431531867,-0.081111159,0.804,-0.9096,-0.045277235,0.244108915,0.059589162,-0.053585,0.684414859,-0.293803256,0.63841,-1.18259,0.03386057,0.338671425,0.114698334,-0.00275,1.571983305,0.796603477,1.86458,-0.9284,0.018088951,0.091878072,0.00844158,0.013455525,2.583404374,0.788433604,0.572393073,-0.266080537,0.006545941,0.066957638,0.004483325,0.010360021,-0.567672321,0.058869571,0.203341264,-0.159198972,0.035268736,0.064464826,0.004155714,0.034866092,-0.282809876,-0.030145783,0.21156809,-0.164056294,0.238164126,1.102719568,1.215990445,0.031845086,310.1299433,16.17138353,27.18094095,0,0.000804666,0.004886559,2.38785e-05,0.000208706,403.5829493,19.00452161,0.129800037,0
pa30_T2,1,311.2125,0.26006466,0.084678868,0.007170511,0.2898,1.240149002,-1.39651363,0.4206,-0.0676,-0.123636945,0.081899191,0.006707477,-0.1388,-0.34141957,0.472391405,0.1307,-0.426,0.032161368,0.081453254,0.006634633,0.0317,5.746947165,1.027696465,0.6789,-0.2292,0.040294172,0.03578716,0.001280721,0.046126092,0.670135417,-0.670586999,0.171625448,-0.184667613,0.136962141,0.045746401,0.002092733,0.150383369,1.567748023,-1.41449876,0.258262407,-0.027603747,0.028519968,0.016003688,0.000256118,0.027081046,17.84438114,2.276344982,0.192832924,-0.030713513,0.013779073,0.017076227,0.000291598,0.0127174,256.4204393,12.29354991,0.551667833,0,0.000759666,0.000640133,4.0977e-07,0.000745466,36.27923437,3.742633481,0.010176119,0
qg37_T2,1,311.225,0.263674817,0.182684159,0.033373502,0.254455,-1.06491834,-0.057942542,0.60881,-0.11244,0.387457963,0.237293958,0.056308423,0.41667,-1.335507615,-0.208681979,0.81127,-0.09961,-0.426357091,0.275366716,0.075826828,-0.4745,-1.218199111,0.328845063,0.17544,-0.8884,-0.154438405,0.092361548,0.008530656,-0.164810019,-1.336702498,0.203483261,0.045101148,-0.323968558,0.062250787,0.050377467,0.002537889,0.067698283,-1.15057712,-0.331528053,0.147098032,-0.048341803,-0.029259706,0.012334189,0.000152132,-0.029252463,0.00211601,0.064463448,0.017240213,-0.07281583,0.559794958,0.660399019,0.436126865,0.219518277,-0.351762129,0.952528254,2.839411072,0,0.002700275,0.003110703,9.67648e-06,0.001111536,-0.620856581,0.856598046,0.014664661,0
sc17_T2,1,311.2,0.61166144,0.289605446,0.083871314,0.6184,0.11455635,-0.215653764,1.6168,-0.1767,-2.426255814,0.76627523,0.587177728,-2.59503,3.008569958,1.88792403,0.0886,-3.33603,2.915605461,1.000757314,1.001515201,3.17205,2.891971545,-1.884798618,4.3421,-0.3431,1.053144916,0.335665254,0.112671163,1.143642957,3.18058164,-1.951721556,1.500199917,-0.067331584,-0.102537986,0.108827992,0.011843532,-0.097127298,-1.163729583,-0.107775717,0.1077354,-0.379692732,-0.463930582,0.168381237,0.028352241,-0.483047538,1.725554387,1.215115493,0.063341763,-0.923121128,319.6899163,197.1801512,38880.01202,296.3645604,-0.743683034,0.197071429,948.2366319,0,2.599371528,1.566626176,2.454317577,2.376735505,-0.727362531,0.183818985,7.152624152,0
um68_T2,1,311.2125,-1.039630149,0.647975089,0.419871717,-1.3082,-0.969001397,0.82965554,0.0399,-2.09365,-0.578166623,0.369966042,0.136874872,-0.7225395,-0.947159833,0.796358045,0.13442,-1.75956,0.382129848,0.313908873,0.098538781,0.38,-0.779602698,0.156348078,1.8991,-0.1807,0.328618075,0.209194947,0.043762526,0.408518681,-0.961803329,-0.778234293,1.042368774,-0.064844489,-0.71716305,0.452484926,0.204742609,-0.875902409,-0.959663758,0.794533907,0.025770133,-2.123687452,-0.196738767,0.131429698,0.017273766,-0.21440047,-0.278631584,0.262246331,0.020398719,-0.994951718,7.439960446,7.844917811,61.54273547,5.469397023,11.06326002,2.078938914,121.6319725,0,1.291486509,1.481286305,2.194209117,0.944230404,177.600895,8.120009507,42.70433554,0
ut70_T2,1,311.2125,0.097765122,0.147570469,0.021777043,0.0854,-0.516470971,0.024472781,0.4964,-0.3312,-1.005836853,0.44128272,0.194730439,-1.0463,-0.048624043,0.79727862,0.2439,-1.7793,0.752813541,0.410007213,0.168105915,0.83339,-0.355753346,-0.490662846,1.695434,-0.45,0.426601731,0.189266834,0.035821935,0.44089234,-0.359159262,-0.689795689,0.751944958,-0.079046541,0.057427962,0.051600362,0.002662597,0.048574296,-0.483434968,0.487873598,0.19540455,-0.074890147,0.030029519,0.071980841,0.005181241,0.02419743,-0.053654589,-0.146227907,0.210830214,-0.206322477,5.463010372,5.723052399,32.75332876,3.512352269,1.848838608,1.451214157,36.11103086,0,0.07530797,0.075526087,0.00570419,0.040027276,-0.607280348,0.834837356,0.327314358,0
vk04_T2,1,311.225,0.544907861,0.389658443,0.151833702,0.4757,-0.136269914,0.62738621,1.6617,-0.1653,0.318310876,0.159071267,0.025303668,0.3228,0.712454781,-0.655392842,0.7527,-0.2096,-0.338659999,0.147461498,0.021744893,-0.3557,1.143438645,0.901482134,0.1473,-0.7822,-0.133689472,0.063116047,0.003983635,-0.142799321,0.802670028,0.664684202,0.060370031,-0.34379969,0.24051902,0.100748598,0.01015028,0.261865889,0.835202193,-1.112818872,0.435014449,-0.048198541,0.055088093,0.071509786,0.00511365,0.079738677,0.08175276,-0.984119429,0.193891443,-0.160353843,0.862477715,1.445892612,2.090605446,0.276798224,9.293468259,2.883184628,10.32684428,0,0.012163558,0.010723406,0.000114991,0.009611445,3.338642156,1.650173879,0.07059299,0
vq83_T2,1,311.2125,-0.064493517,0.056463421,0.003188118,-0.054776,1.023826852,-0.779797303,0.169174,-0.500706,0.116196208,0.100805374,0.010161723,0.1201415,1.073565424,0.14401623,0.98248,-0.18992,-0.068804171,0.131745285,0.01735682,-0.073665,0.364728723,0.144718584,0.90084,-0.88675,-0.036102622,0.03873105,0.001500094,-0.036223455,2.085933318,-0.301967439,0.079957901,-0.416829703,-0.072960791,0.043816613,0.001919896,-0.070486983,-1.030322979,-0.071055786,0.028966233,-0.249268006,-0.054429882,0.027457773,0.000753929,-0.05762268,-0.928706093,0.147003656,0.021031296,-0.172637302,0.006067339,0.05242783,0.002748677,0.001676044,2897.542133,51.2911027,3.372897324,0,0.000318173,0.00067279,4.52646e-07,0.000129823,1284.680952,28.53670018,0.035471622,0
ws31_T2,1,311.2125,0.717728064,0.362622928,0.131495388,0.7355,-0.375306488,0.133713001,1.7435,-0.0523,-0.045836299,0.119874907,0.014369993,-0.0449,-0.221239931,0.102894738,0.555,-0.3862,-0.076128351,0.163771246,0.026821021,-0.0378,-0.819186902,-0.350705075,0.3974,-0.5973,-0.018581197,0.058840455,0.003462199,0.000127093,-0.571864141,-0.641183375,0.134845013,-0.281944634,0.067986207,0.106837986,0.011414355,0.038128904,-0.552326511,0.645073925,0.390796305,-0.098462632,-0.204128283,0.129079817,0.016661599,-0.230253314,-0.323459405,0.75816432,0.142842306,-0.452001785,0.822962733,1.253545394,1.571376056,0.401232121,7.163144096,2.510357814,10.32345395,0,0.008660522,0.009226938,8.51364e-05,0.005007645,1.357029992,1.319900273,0.059301393,0
ww25_T2,1,311.2125,-0.566372213,0.434169486,0.188503143,-0.7218,-1.246297227,0.364116176,0.4689,-2.3534,1.081527489,0.547545452,0.299806022,1.2973,-1.053630111,-0.46294049,3.243,-0.0362,-1.252747164,0.619974881,0.384368853,-1.4774,-1.012635277,0.471150301,0.1127,-3.3234,-0.441179141,0.215177929,0.046301541,-0.524997252,-0.901122862,0.492833614,0.020467013,-1.326982388,-0.074464203,0.060240711,0.003628943,-0.097328943,-0.748983139,0.242533204,0.056678071,-0.409396384,0.085201787,0.081146035,0.006584679,0.118487286,-0.789400197,-0.554059012,0.426177436,-0.161671773,23.82745267,29.05558164,844.2268246,19.22384709,173.5341832,8.601987682,733.8264606,0,0.106023227,0.147558281,0.021773446,0.09131411,321.8494221,13.48839212,4.356129255,0
xi27_T2,1,330.7625,0.239061725,0.355641315,0.126480745,0.29705,0.116821013,0.287611678,1.4741,-0.5053,-0.006819673,0.325616818,0.106026312,0.1123,-0.443282956,-0.881796616,0.7212,-0.8852,-0.299806784,0.29574545,0.087465371,-0.3874,-0.996404625,0.420862034,0.4227,-0.9188,-0.01734908,0.127898835,0.016358112,-0.056031119,-0.551780805,0.725514203,0.321219565,-0.252144493,0.061315273,0.083554464,0.006981348,0.079176096,-0.590973764,0.067947819,0.297792811,-0.10974349,0.001522352,0.08300786,0.006890305,0.01771325,1.188590568,-0.991250017,0.182388417,-0.332015542,0.361224951,0.781219426,0.610303791,0.17027602,46.04045361,6.00040658,8.917826729,0,0.002621527,0.00688998,4.74718e-05,0.000425753,24.23056815,4.585920115,0.068192705,0
xx54_T2,1,311.225,0.075559999,0.042620771,0.00181653,0.0867,-0.22910486,-0.625373908,0.2199,-0.0556,-0.306925038,0.104736556,0.010969746,-0.30225,-0.013324176,-0.493285271,0.0,-0.6883,0.119819854,0.066708446,0.004450017,0.1193,-0.628648051,0.079553122,0.338,-0.0831,0.098919771,0.033510226,0.001122935,0.098117874,-0.292562985,0.282699473,0.218817995,-0.001494527,0.036294202,0.014327497,0.000205277,0.040679445,0.317682649,-1.049609366,0.075324301,-0.014332885,0.034078435,0.00904,8.17216e-05,0.033818622,0.582939097,0.273493469,0.080579714,0.0,0.024340372,0.03287446,0.00108073,0.013170874,12.00244682,3.024706193,0.282763603,0,0.000241527,0.000273855,7.49964e-08,0.000152068,8.989253766,2.583301732,0.002704196,0
yv98_T2,1,311.2125,0.067666634,0.230022059,0.052910148,0.01865,-0.819689728,0.557263371,0.8124,-0.3209,1.036937545,0.518524776,0.268867943,0.88645,-1.400555588,0.206469077,1.9249,-0.0691,-0.948022341,0.442177498,0.195520939,-0.835,-1.25085195,-0.202110901,0.0422,-1.7815,-0.488740764,0.230075468,0.052934721,-0.453805117,-1.271561756,-0.172452604,0.020457892,-0.885192738,-0.024619508,0.03144459,0.000988762,-0.020828982,0.318874336,0.043120692,0.172165993,-0.109416686,-0.029601863,0.061298289,0.00375748,-0.033206365,-0.591404577,-0.063173461,0.107294829,-0.180707459,10.2716001,12.62252527,159.3281442,2.973740598,-0.626709649,0.98063754,46.84581273,0,0.144270214,0.176582455,0.031181363,0.045432213,-0.621201486,0.993383558,0.616588433,0
au70_PD,1,311.7125,0.069674183,0.053450221,0.002856926,0.0837,1.131435583,-0.142719073,0.4286,-0.08794,0.022367639,0.146025594,0.021323474,0.04266,-0.846885067,-0.428034114,0.29648,-0.46401,0.015691027,0.062522175,0.003909022,0.0062,3.868846913,1.457136586,0.3531,-0.1407,-0.008083743,0.04809503,0.002313132,-0.014170438,-0.748987363,0.41596598,0.166901805,-0.117748234,0.017286954,0.017454521,0.00030466,0.020343275,1.593943248,-0.05580596,0.148403792,-0.031158227,-0.002876538,0.008306832,6.90035e-05,-0.002943434,2.429724249,-0.375541648,0.028503906,-0.062350184,0.001976129,0.00529746,2.80631e-05,0.000778678,120.2018964,9.242318465,0.110698177,0,1.57981e-05,3.41577e-05,1.16675e-09,6.57406e-06,110.519153,8.468643879,0.000790163,0
dl43_PD,1,311.2125,0.004169936,0.091175385,0.008312951,0.0228,0.857552174,-1.154867871,0.1666,-0.3334,0.135049328,0.084397457,0.007122931,0.1452,-0.134574675,-0.625024186,0.3694,-0.1491,-0.222719299,0.110553963,0.012222179,-0.24818,0.184289933,0.760260165,0.219741,-0.53772,-0.055936641,0.03078077,0.000947456,-0.062272609,0.267372962,0.838984972,0.066350172,-0.134694667,0.016457968,0.034771511,0.001209058,0.026814099,0.947718802,-1.218195223,0.076525814,-0.129548158,-0.01134759,0.021679843,0.000470016,-0.007000456,-0.077797968,-0.591460537,0.050181155,-0.104825719,0.013810543,0.018453988,0.00034055,0.008387798,27.2137416,3.973121361,0.265780634,0,5.55684e-05,8.21483e-05,6.74835e-09,3.47771e-05,85.64348467,6.582484268,0.001933593,0
dn20_PD,1,311.2125,0.186825141,0.127254367,0.016193674,0.1777,0.956610741,-0.159308728,0.6319,-0.4561,-0.018536863,0.06198577,0.003842236,-0.0219,-0.407871485,0.113633776,0.1804,-0.2897,-0.39470884,0.174108577,0.030313796,-0.3968,1.00749393,0.722248446,0.2232,-0.8047,-0.053414125,0.040597865,0.001648187,-0.050733813,-0.474617594,0.03959313,0.153679213,-0.158341364,0.462034719,0.152029175,0.02311287,0.505182594,3.116100248,-1.916395524,0.624283323,-0.041399005,0.301597881,0.113489066,0.012879768,0.328067143,1.182861637,-1.17668603,0.487890684,-0.047345468,0.073617456,0.065360502,0.004271995,0.058996893,2.393521724,1.435922272,0.452436202,0,0.14315527,0.096124292,0.00923988,0.125535707,-1.114719076,0.231742483,0.36112817,0
dp20_PD,1,311.225,-0.522808138,0.46292852,0.214302814,-0.5196,0.025002054,0.411236912,1.2194,-1.5192,-0.042639229,0.155046971,0.024039563,-0.044765,-0.283585235,0.035453291,0.43507,-0.47492,-0.348243519,0.229741918,0.052781349,-0.3448,-0.659301457,-0.151100211,0.2223,-0.9342,-0.014985264,0.064336214,0.004139148,-0.012481535,-0.272868323,-0.101805038,0.163166669,-0.216695072,-0.042877237,0.06493844,0.004217001,-0.043720813,1.168355602,0.41752308,0.240161989,-0.230301779,0.120321879,0.08615351,0.007422427,0.117410797,-0.672377025,-0.178086487,0.323093143,-0.155797666,0.832381272,1.196716342,1.432130003,0.224157758,3.458801195,1.8996332,7.47189122,0,0.001806992,0.002578132,6.64676e-06,0.000528835,4.660861399,2.032614311,0.018561147,0
iy25_PD,1,311.2125,0.123235587,0.090058346,0.008110506,0.12802,0.358948444,-0.202365109,0.50429,-0.178646,0.28663653,0.172213242,0.029657401,0.29825,0.593737941,0.057962261,1.4374,-0.1918,-0.481396349,0.24820835,0.061607385,-0.515055,-0.706679454,0.360731566,0.2257,-1.01701,-0.1564452,0.07502554,0.005628832,-0.166350509,-0.809295069,0.022608646,0.007714185,-0.537898163,0.06740482,0.045889219,0.00210582,0.077990953,-0.738957631,-0.453200049,0.162854988,-0.048807083,-0.036116362,0.022264978,0.000495729,-0.035473237,0.345389623,-0.172280562,0.046718476,-0.136767988,0.287091163,0.390615762,0.152580673,0.165887263,120.9486158,6.92840613,8.95465543,0,0.00224701,0.00317266,1.00658e-05,0.001430778,222.5769734,10.23923584,0.086070847,0
kc73_PD,1,311.2125,0.691083112,0.238601486,0.056930669,0.746945,2.21453688,-0.763275192,1.84926,-0.37744,-1.096038207,0.340644355,0.116038577,-1.06998,1.938457066,0.326946169,0.10472,-2.47648,0.868676161,0.601669005,0.362005591,0.72085,-0.147580508,0.713891634,2.87794,-0.3726,0.442734571,0.145428248,0.021149375,0.423516375,1.50815996,-0.083554989,1.033709222,-0.034097228,0.161554927,0.067845932,0.00460307,0.161844365,0.391270935,-0.353232411,0.425209603,-0.034582447,-0.107066594,0.074663911,0.0055747,-0.113967248,0.246420813,0.581138579,0.287391411,-0.253849819,13.21365561,20.40211088,416.2461285,5.046095317,15.49491828,3.328932599,192.8900716,0,0.090107047,0.105414001,0.011112112,0.05489724,22.67881052,3.65732059,1.259489991,0
me21_PD,1,311.1875,-0.653500442,0.4705243,0.221393117,-0.78403,-1.336895945,0.030185696,0.04503,-1.42513,-0.52162699,0.310370153,0.096329632,-0.695485,-1.143641388,0.734576574,0.126698,-0.9233,0.326676309,0.228569748,0.052244129,0.4201,-1.155695022,-0.504060453,0.74362,-0.21477,0.250604447,0.157572173,0.02482899,0.344052215,-1.260466703,-0.694272926,0.448418769,-0.061259891,-0.236619757,0.153370099,0.023522387,-0.317638301,-1.442492077,0.514306954,0.043304416,-0.421251757,0.079407108,0.107683942,0.011595831,0.028694162,-0.178694896,1.245616175,0.325691132,-0.03439699,2.229710225,2.215879768,4.910123147,1.998162894,-0.842984258,0.645750133,8.243577509,0,0.0527439,0.043663431,0.001906495,0.070991418,-1.687538668,-0.159799785,0.144438597,0
mf79_PD,1,311.225,0.149905343,0.080079817,0.006412777,0.1494,1.492680842,-0.732803665,0.3405,-0.2333,-0.507387535,0.323730643,0.104801529,-0.4212,-1.362569898,-0.308197037,0.0536,-1.1675,0.49780042,0.301977163,0.091190207,0.4396,-1.233844511,0.241953924,1.265,-0.0743,0.182158844,0.118302158,0.0139954,0.148923249,-1.36492226,0.330029003,0.426059663,-0.029037249,0.032125579,0.021601069,0.000466606,0.033500045,1.012750981,-0.393268109,0.098843927,-0.085183447,-0.018479237,0.022190856,0.000492434,-0.01510338,-0.645204141,-0.29018939,0.042969277,-0.097738379,1.044424931,1.449962439,2.102391073,0.161049801,0.399035791,1.228942144,8.801565511,0,0.005009035,0.006963603,4.84918e-05,0.000573116,-0.32466605,1.072969183,0.03327967,0
nv85_PD,1,311.2125,-0.25527831,0.400036008,0.160028808,-0.19815,0.997007044,-0.980460819,0.5428,-1.5475,0.56394927,0.311572943,0.097077699,0.552205,0.034509956,-0.143667497,1.34761,-0.73878,-1.040308991,0.422496172,0.178503015,-1.05513,0.438040833,0.453775826,0.73371,-1.93573,-0.22120413,0.113398083,0.012859125,-0.21855951,0.979684823,0.535520232,0.411170542,-0.473467449,-0.017221215,0.052598503,0.002766603,-0.018227728,0.402524886,-0.135097142,0.125757272,-0.183863676,0.014889993,0.092201781,0.008501168,0.004786659,0.67091231,0.83959343,0.339520269,-0.193144304,5.631683823,7.970735556,63.5326253,2.63130669,4.51700167,2.234151437,41.25448793,0,0.008176041,0.010662823,0.000113696,0.003615879,2.426945907,1.790578215,0.054818991,0
pa30_PD,1,311.2125,0.097751138,0.060174067,0.003620918,0.0914,1.217920486,0.864953336,0.3422,-0.0782,0.119740647,0.08375282,0.007014535,0.1202,-0.685678246,-0.08862461,0.3468,-0.1203,-0.044296964,0.102883041,0.01058492,-0.0385,-0.570112854,-0.168113395,0.2341,-0.362,-0.051182407,0.038069777,0.001449308,-0.053836511,-0.74141992,0.120301716,0.051495032,-0.157163952,0.065458978,0.031725214,0.001006489,0.071392539,-0.092948107,-0.029054197,0.174008769,-0.021443214,0.020833193,0.020015798,0.000400632,0.025766452,-0.206298047,-0.737214117,0.070809295,-0.050125137,0.004450982,0.008475592,7.18357e-05,0.000723004,11.75096997,3.121364561,0.076534791,0,0.00016869,0.00023122,5.34628e-08,8.65266e-05,8.399418578,2.487273015,0.002190701,0
qg37_PD,1,311.2125,-0.172749266,0.134927415,0.018205407,-0.12831,-0.021006987,-1.025307899,0.03481,-0.55208,0.300719583,0.194645701,0.037886949,0.3378,0.527590112,-0.907567375,0.6788,-0.3225,-0.371047667,0.145400371,0.021141268,-0.3824,-0.400377289,0.398717403,0.0297,-0.7044,-0.133911757,0.063090192,0.003980372,-0.145383379,-0.641152729,0.45726857,0.046054861,-0.278475655,-0.017906465,0.028095196,0.00078934,-0.010736171,1.922814963,-1.551756403,0.034781306,-0.11990091,0.036177825,0.023577737,0.00055591,0.035533903,-1.000404057,-0.091385637,0.091689557,-0.020662706,0.153835524,0.152581584,0.02328114,0.106631569,1.047793134,1.203332271,0.862483991,0,0.000886999,0.000915816,8.38719e-07,0.000643987,1.609302332,1.283276883,0.00641587,0
sc17_PD,1,311.2125,0.086702472,0.484185395,0.234435497,-0.02385,-0.795855135,0.43170758,1.3717,-0.7566,-0.548205452,0.932650213,0.86983642,-0.33125,-1.201982812,-0.432837482,0.64488,-2.4248,0.394718147,1.241461606,1.541226919,0.14545,-1.17918644,0.451114971,3.0104,-1.3331,0.200357263,0.378697629,0.143411894,0.141057624,-1.347504778,0.286692635,0.91069729,-0.336081779,-0.020238686,0.048455909,0.002347975,-0.028160137,0.494817049,0.683466251,0.147869682,-0.146231134,-0.07077207,0.23725642,0.056290609,-0.013283369,-1.21517827,-0.294600819,0.312335397,-0.57308314,24.48094515,47.58834264,2264.650355,1.781681162,5.422737917,2.382828444,277.3280824,0,0.144417048,0.258478432,0.0668111,0.011912812,4.082106376,2.135982641,1.262019326,0
um68_PD,1,311.2125,0.01178715,0.01441443,0.000207776,0.0109,1.511320252,0.196131486,0.1077,-0.0514,0.133550238,0.075850102,0.005753238,0.126145,-0.824346938,0.146676167,0.34579,-0.06488,-0.302781356,0.147788254,0.021841368,-0.3171,-1.184952848,0.091904019,0.022,-0.6349,-0.077427509,0.039303719,0.001544782,-0.08105745,-0.946684516,0.107622215,0.029887528,-0.189023369,0.00078142,0.005836435,3.4064e-05,0.000911754,2.794972145,-0.474761379,0.019990263,-0.051162786,0.003922185,0.007057582,4.98095e-05,0.004303616,1.613983431,-0.391739677,0.035770012,-0.043991478,0.031134717,0.039388949,0.001551489,0.013766809,2.482502806,1.603486972,0.255157491,0,9.63577e-05,0.000125741,1.58108e-08,4.42164e-05,4.152422063,1.872247245,0.001324189,0
ut70_PD,1,311.2125,-0.110474028,0.112333547,0.012618826,-0.09715,0.431117407,-0.673634254,0.1591,-0.4912,-1.441344303,0.407299973,0.165893268,-1.5877,0.243054059,0.917633276,0.1128,-2.1237,0.954744741,0.21358239,0.045617437,0.96137,2.044542993,-0.69438741,1.47237,-0.0675,0.656762625,0.18988331,0.036055671,0.719285961,0.033885754,-0.831830612,0.965047331,-0.046468724,0.082215897,0.067124086,0.004505643,0.069942695,-1.423812336,0.056572085,0.232883267,-0.059769564,0.121697298,0.070222277,0.004931168,0.136422836,-0.876252991,0.149959674,0.315463886,-0.011563247,12.01356252,7.443185224,55.40100628,12.99175853,-0.867001731,0.074911137,36.59899404,0,0.310425893,0.242439399,0.058776862,0.29809494,-0.752818166,0.431927449,1.134735379,0
vk04_PD,1,311.2125,0.874339811,0.697165409,0.486039607,0.934,-0.725774495,0.080335685,2.543,-0.5,0.264209296,0.252556874,0.063784974,0.2562,-0.83006678,0.117362527,1.1343,-0.3188,-0.28280624,0.23856585,0.056913665,-0.2886,-0.98042051,0.093569607,0.2824,-0.9387,-0.117961439,0.103311725,0.010673312,-0.123899668,-0.824833541,0.130349275,0.12596369,-0.428064519,0.170170988,0.129469737,0.016762413,0.196007234,-0.823379415,-0.250515357,0.460679412,-0.185135106,-0.174129487,0.134572788,0.018109835,-0.18721344,-0.454659381,-0.018370332,0.138118681,-0.52432105,4.715316347,8.024265656,64.38883932,1.353875823,7.625781482,2.657354843,49.5441971,0,0.025759008,0.039533465,0.001562895,0.00997509,6.838470399,2.479596046,0.255599409,0
vq83_PD,1,311.2125,0.014436125,0.050158581,0.002515883,0.013956,9.748411695,-1.05212058,0.29815,-0.49512,0.150663169,0.160056872,0.025618202,0.154462,45.65051377,3.634071125,2.615207,-0.210353,-0.24073775,0.216448278,0.046849857,-0.2186,3.586233144,-0.817739496,0.2973,-1.96237,-0.082570966,0.071846456,0.005161913,-0.079896533,40.25371553,-3.42901814,0.066669449,-1.140279515,-0.00042133,0.018652683,0.000347923,-0.0012591,11.97715037,-0.556267956,0.114834507,-0.213846568,-0.001026638,0.017936756,0.000321727,-0.003778687,1.406108371,0.737092619,0.108324114,-0.093378606,0.158422756,2.782386928,7.741677015,0.005446979,1069.639783,31.41522277,113.0992684,0,0.001894279,0.043757375,0.001914708,5.11559e-05,1096.942526,32.19135863,1.721061693,0
ws31_PD,1,311.2125,0.404443283,0.417527172,0.174328939,0.2842,-1.177003206,0.377180745,1.3164,-0.2544,-0.264580976,0.079560512,0.006329875,-0.2777,-0.188770665,0.531505267,0.0,-0.4698,0.237891468,0.113359193,0.012850307,0.2242,-0.156595382,0.267050522,0.5834,-0.0881,0.072870816,0.031534086,0.000994399,0.077545031,-0.265356416,-0.463671439,0.15768233,-0.031224225,-0.103738406,0.087269001,0.007615879,-0.095133711,-0.986861515,-0.063305372,0.094972335,-0.393074676,-0.219068057,0.180465448,0.032567778,-0.163564791,-1.53049148,-0.217635045,0.035765341,-0.566774504,0.4609507,0.743906706,0.553397187,0.061515221,3.398503044,1.960904996,4.430116444,0,0.021286214,0.027835809,0.000774832,0.002260878,0.676046076,1.192146237,0.226696905,0
ww25_PD,1,311.225,-0.070126115,0.339464627,0.115236233,-0.04025,5.782370593,-1.73349713,0.7252,-1.8787,-0.883102349,0.496766334,0.246776791,-0.8105,16.16572312,-3.453179019,0.6072,-4.3543,0.564568385,0.536165998,0.287473978,0.43835,15.14199497,3.620991274,4.2288,-0.5365,0.398341028,0.217792526,0.047433585,0.369521602,14.21820625,3.222970046,1.814486466,-0.154099826,-0.071185545,0.054813644,0.003004536,-0.080813167,17.47369975,3.248564874,0.394913717,-0.189240002,0.002568371,0.141009602,0.019883708,-0.023331509,15.98286276,3.670580277,0.93291287,-0.18434802,17.77377015,105.714137,11175.47876,0.803618982,87.8975995,8.898664172,1538.035802,0,0.228164019,1.222439451,1.494358211,0.021622558,75.4819735,8.273448572,15.70306356,0
xi27_PD,1,330.7625,-0.902555221,0.341343981,0.116515714,-0.99635,0.60330773,1.01670367,0.293,-1.4327,0.567285583,0.395969289,0.156791678,0.671,-1.019649471,-0.451040051,1.2095,-0.391,-0.343943048,0.287228649,0.082500297,-0.3871,-0.945656382,0.425747352,0.3793,-0.8495,-0.22314909,0.146847558,0.021564205,-0.258829625,-1.26092377,0.324316558,0.096481378,-0.471096314,-0.157500462,0.053826829,0.002897328,-0.163126903,0.90190794,0.771956665,0.035968596,-0.268365506,0.191878849,0.100933102,0.010187491,0.219069541,-1.083986555,-0.354917146,0.382277518,-0.055469232,3.600985891,3.189920663,10.17559383,3.003906203,-1.296260282,0.351684694,13.06158769,0,0.032008625,0.032272052,0.001041485,0.022522114,-0.601419029,0.732843084,0.150317546,0
xx54_PD,1,311.2,0.253858393,0.169951266,0.028883433,0.26803,-1.347424644,-0.104284737,0.60578,-0.08615,0.116057245,0.368293551,0.13564014,-0.01345,-1.479108549,0.319391072,0.8048,-0.4678,-0.217095575,0.309634799,0.095873709,-0.1313,-1.499485395,-0.312437819,0.3036,-0.8363,-0.049082478,0.112720046,0.012705809,-0.006528969,-1.423792269,-0.383565951,0.136473416,-0.277645841,0.10191508,0.060930005,0.003712466,0.109400953,-1.409799821,-0.251366238,0.201457284,-0.02179157,0.023901442,0.018020684,0.000324745,0.023763812,-0.909001157,0.074375522,0.082506434,-0.023597572,0.31498114,0.490600098,0.240688456,0.022729831,1.717598439,1.617988297,2.348221473,0,0.001746058,0.002459957,6.05139e-06,0.000220175,0.812355451,1.350948516,0.012789595,0
yv98_PD,1,311.2125,0.395759588,0.314805285,0.099102368,0.29593,-1.015828442,0.365233467,1.16373,-0.21734,0.397378484,0.233379609,0.054466042,0.3887,-0.888466877,0.236755665,1.0146,-0.1076,-0.24881486,0.159435402,0.025419647,-0.2276,-0.777792925,-0.141706043,0.1764,-0.745,-0.163143917,0.099700458,0.009940181,-0.156716976,-0.965512251,-0.331878629,0.026682629,-0.411948527,0.023462139,0.046119572,0.002127015,0.024439779,-0.743375269,0.03670289,0.15323878,-0.083843163,-0.101596228,0.061266652,0.003753603,-0.103187591,-0.598457021,0.025402115,0.053060541,-0.245044012,0.612045572,0.974924425,0.950477634,0.134490132,3.92910953,2.048246044,6.448459078,0,0.00541663,0.008379884,7.02224e-05,0.001679458,3.65503568,2.020610765,0.047640939,0
au70_T2s05,1,495.0625,0.202601566,0.130643608,0.017067752,0.26789,0.06305283,-1.183539872,0.36039,-0.17917,-0.228085752,0.321257187,0.10320618,-0.3818,-1.297890899,0.573490532,0.42307,-0.619,0.039944141,0.127005889,0.016130496,0.0988,-0.870513173,-0.702203339,0.22845,-0.3085,0.054803822,0.111030713,0.012327819,0.106671475,-1.294294755,-0.547406212,0.205676036,-0.173598422,0.067292055,0.055701293,0.003102634,0.095368165,-0.288867161,-1.074044199,0.137504683,-0.080946246,0.019770593,0.014354327,0.000206047,0.02136946,-0.149160409,-0.378259013,0.060792546,-0.038226365,0.073162486,0.066372084,0.004405254,0.057842015,-1.274811375,0.438092013,0.253769963,0,0.00073367,0.000669225,4.47863e-07,0.000502388,-0.723200859,0.684317596,0.003415047,0
dl43_T2s05,1,495.075,-0.162088056,0.140966051,0.019871428,-0.2226,-1.615404004,0.087192254,0.089304,-0.48423,-0.084195225,0.077177377,0.005956348,-0.087175,-0.492457995,-0.026083776,0.14181,-0.308,-0.044528774,0.090700185,0.008226524,-0.0395,0.124305944,-0.217864355,0.2765,-0.3546,0.045197964,0.029173938,0.000851119,0.045998675,-0.298575388,-0.035557171,0.148167394,-0.045216753,-0.065908498,0.047097807,0.002218203,-0.089754596,-1.739630645,0.096838614,0.014894416,-0.162857242,-0.063081062,0.019405121,0.000376559,-0.063397409,0.537810612,0.248164505,0.029392035,-0.125456596,0.007028244,0.007602055,5.77912e-05,0.005039695,3.99447477,1.562721608,0.063598687,0,0.000230702,0.000178434,3.18386e-08,0.000214222,-0.144505914,0.63209179,0.001423294,0
dn20_T2s05,1,495.0125,0.382353624,0.458322192,0.210059232,0.37765,-0.812723489,-0.240201964,1.2373,-0.7172,0.581863626,0.221734678,0.049166268,0.60325,0.726257774,-0.999698561,1.2487,-0.1812,-0.325994317,0.208648119,0.043534038,-0.3561402,0.20999864,0.871475882,0.38799,-0.90198,-0.245404536,0.110565497,0.012224729,-0.25581869,0.361577669,0.979515436,0.122142249,-0.506777715,-0.256442482,0.074569293,0.005560579,-0.279645438,1.122102503,1.127020254,0.029501451,-0.47730689,-0.361792529,0.235039555,0.055243593,-0.3864261,-0.727017473,0.502033498,0.190720656,-0.731556921,1.199496836,1.433843404,2.055906908,0.426455298,0.875721102,1.338274958,6.95402852,0,0.156107864,0.160357828,0.025714633,0.103182439,-0.021020903,1.04642246,0.630008758,0
dp20_T2s05,1,495.075,-0.03407631,0.062054986,0.003850821,-0.039485,-0.188918642,0.212488363,0.17636,-0.24106,0.116973935,0.111671256,0.012470469,0.1258,-0.892692202,-0.149756696,0.3845,-0.188,-0.320213182,0.26492905,0.070187402,-0.3457,-0.859965859,0.390222879,0.4163,-0.8779,-0.029967501,0.04002225,0.001601781,-0.033171988,-0.625292588,0.190663507,0.091040072,-0.137755043,-0.000540409,0.018691426,0.000349369,-0.001236884,-0.390375117,0.038555081,0.056483636,-0.062368407,-0.011677921,0.015135363,0.000229079,-0.00980512,-0.180594036,-0.494325801,0.030291405,-0.064825581,0.075062126,0.107463695,0.011548446,0.020188422,3.811064538,1.928011584,0.739956719,0,2.12755e-05,4.34953e-05,1.89184e-09,4.00325e-06,15.13012661,3.548898016,0.000475073,0
iy25_T2s05,1,495.075,0.059455962,0.061269395,0.003753939,0.059915,17.42570057,-2.054503693,0.23771,-0.74672,-0.033842811,0.148769814,0.022132458,0.014715,0.108861423,-0.853559138,0.64136,-0.69042,-0.287230739,0.18537234,0.034362904,-0.2923,-0.629680993,0.229453728,0.2256,-0.7466,0.047459754,0.137317671,0.018856143,-0.01766441,-0.355548504,1.187530777,0.437497148,-0.219983904,0.037332656,0.019042598,0.000362621,0.038166742,24.85345488,-2.789545854,0.08597741,-0.226014767,-0.021139114,0.021564484,0.000465027,-0.026591995,-0.05208271,0.748052842,0.05834288,-0.075161009,0.035225028,0.048384078,0.002341019,0.016597121,12.95391382,2.654716853,0.709414126,0,0.00192091,0.003848056,1.48075e-05,2.12723e-05,5.154065923,2.18129206,0.037464385,0
kc73_T2s05,1,495.075,0.304710288,0.241221151,0.058187644,0.351965,0.785669226,-0.819544697,0.99971,-1.15849,-1.303738223,0.406353913,0.165123502,-1.4099,2.445565022,1.662758144,0.2272,-2.19045,1.796175294,0.637428246,0.406314768,1.7792,0.565220697,-0.529687834,3.322,-0.2316,0.532950731,0.170505515,0.029072131,0.579459639,2.727778889,-1.792377935,0.872559139,-0.090148072,0.206909904,0.110837053,0.012284852,0.208369169,0.426305397,0.006903189,0.662248904,-0.09107567,0.078856939,0.082243935,0.006764065,0.063829678,-0.16091762,0.69123517,0.447063992,-0.066807145,40.34745504,37.39527296,1398.40644,27.73478148,2.469482535,1.612745774,286.128538,0,0.177835529,0.14295552,0.020436281,0.147908965,3.007793306,1.533902446,1.000227078,0
me21_T2s05,1,495.075,-0.20031089,0.106118588,0.011261155,-0.22,0.385353863,0.876792622,0.1504,-0.4098,-0.132292082,0.057247716,0.003277301,-0.1403,0.876471808,0.727941091,0.3416,-0.3277,-0.084220444,0.105722344,0.011177214,-0.0856,-0.069814142,0.167536645,0.52961,-0.5541,0.044423742,0.026465436,0.000700419,0.049375958,1.524724982,-0.851310865,0.160855488,-0.192443701,-0.120236766,0.053689813,0.002882596,-0.129249681,0.508606733,0.930578001,0.057239899,-0.218818016,-0.012175707,0.018948362,0.00035904,-0.008449336,6.69708206,-2.424250424,0.029009582,-0.108542252,0.011871109,0.013530355,0.00018307,0.006019321,5.80126055,1.747565596,0.188006991,0,0.00057315,0.000537312,2.88704e-07,0.000399105,0.110125855,0.850989965,0.003298608,0
mf79_T2s05,1,495.05,-0.03834239,0.138722588,0.019243956,-0.0699,-0.363691499,0.570726048,0.3755,-0.4443,-0.845903542,0.428107289,0.183275851,-0.83705,-0.27726582,0.262046642,1.5755,-1.6272,0.539170774,0.370825752,0.137511738,0.4592,-0.945023616,0.174333223,1.3436,-0.66794,0.349253901,0.175715808,0.030876045,0.349344514,-0.494314553,-0.239088777,0.693355511,-0.548719017,-0.140890087,0.086550239,0.007490944,-0.139931565,-0.610981402,0.073769206,0.092884786,-0.495879887,-0.06437198,0.050590694,0.002559418,-0.04880936,-0.725144428,-0.322810154,0.028450204,-0.362971146,3.164699651,4.30604302,18.54200649,0.90891125,0.992153893,1.448051646,19.552831,0,0.054702032,0.060687416,0.003682962,0.02608289,-0.678570042,0.863971337,0.261824039,0
nv85_T2s05,1,495.0625,1.037895443,0.41004,0.168132801,1.0931,0.019315393,-0.748737116,1.9111,-0.222,-0.067309466,0.327427797,0.107208962,-0.0676,-0.232888589,-0.016165163,0.85816,-1.62686,0.475205079,0.500305067,0.25030516,0.481,-0.06248713,0.077250742,2.51449,-0.76811,-0.021352168,0.137506718,0.018908098,-0.02565103,-0.054628488,0.214793427,0.651076925,-0.382889772,0.172248401,0.079587823,0.006334222,0.189621385,-0.481580903,-0.601542302,0.410841273,-0.060528061,-0.198064255,0.093619798,0.008764667,-0.193404529,-0.059515764,0.478165666,0.09245729,-0.411335422,4.875641736,6.498339256,42.22841309,2.950201948,25.91655774,3.516387212,121.3826759,0,0.013754131,0.013345306,0.000178097,0.011089983,27.8222031,2.882001199,0.265188259,0
pa30_T2s05,1,495.075,0.060602496,0.342557792,0.117345841,-0.0784,3.731009684,2.136833575,1.3922,-0.62234,2.066488929,1.997987404,3.991953665,2.78645,2.29478622,-1.378082335,5.5935,-6.478,-0.796897934,1.374318965,1.888752617,-1.24155,3.599137416,1.78727428,4.759,-2.8337,-0.854258065,0.749016878,0.561026283,-1.130965521,1.786944493,1.26195273,2.169594045,-2.144866206,-0.186985045,0.17206695,0.029607035,-0.205615675,1.063651969,0.95302366,0.524623434,-0.500587493,-0.031717988,0.061459813,0.003777309,-0.035207634,0.633198633,-0.315368352,0.216734872,-0.294668334,205.6590113,344.0557469,118374.3569,106.7926981,23.35515778,4.025171978,4407.70122,0,2.971593638,3.573292585,12.7684199,1.959834674,4.465124688,1.864316328,24.9626942,0
qg37_T2s05,1,495.0625,-0.206532279,0.188469091,0.035520598,-0.1827,-0.156067952,-0.487564824,0.3204,-1.2278,0.154557527,0.168515797,0.028397574,0.1302,3.323467383,1.259336763,1.69726,-0.18664,-0.318779942,0.135599847,0.018387318,-0.310465,1.116028367,-0.345538565,0.06232,-1.23419,-0.085402165,0.067545856,0.004562443,-0.078422017,1.836180534,-0.852321609,0.082443169,-0.604505016,-0.016285633,0.049153535,0.00241607,-0.011862796,-0.733710717,-0.186683966,0.104798332,-0.268525271,0.078595982,0.048082784,0.002311954,0.083264376,-0.395113381,-0.254740467,0.234633967,-0.057867844,0.120539732,0.391425098,0.153213607,0.026013738,1313.773521,31.18430004,18.8547603,0,0.000999678,0.003159119,9.98003e-06,0.00027294,1246.903188,30.04971347,0.15931799,0
sc17_T2s05,1,494.9375,-0.041759078,0.207050181,0.042869777,0.01985,-1.230721678,-0.389676294,0.3416,-0.4788,-0.581965148,0.875837441,0.767091223,-0.33255,-1.444471418,-0.284229482,0.566,-2.2471,0.734954865,0.834325823,0.696099579,0.6098,-1.493199832,0.245929073,2.3328,-0.3298,0.296870075,0.398732732,0.158987791,0.223430953,-1.539432532,0.207306841,1.031126798,-0.221517437,-0.266749219,0.095430007,0.009106886,-0.292788829,-0.917331472,0.566817385,0.010719405,-0.403919883,-0.264367258,0.094108953,0.008856495,-0.27610211,-0.337451437,0.426361007,0.008435877,-0.446063406,13.72981095,23.26817106,541.4077843,0.245259488,4.324771411,2.179209615,109.3493405,0,0.262538494,0.305154757,0.093119426,0.101590147,0.711685433,1.189200247,1.359228235,0
um68_T2s05,1,495.0625,0.252779715,0.052817739,0.002789714,0.262555,8.920777308,-2.664006189,0.34966,-0.05153,-0.046926454,0.066653989,0.004442754,-0.05075,-0.020872429,0.093237359,0.2534,-0.2378,-0.203737525,0.116548793,0.013583621,-0.1802,-0.650210474,-0.416981967,0.0686,-0.6347,0.001943646,0.025304647,0.000640325,0.002243982,0.106410253,-0.069429196,0.088720463,-0.116577543,0.03542465,0.011148958,0.000124299,0.036401302,1.465126122,-0.569988239,0.075853397,-0.04879159,-0.060748057,0.013175413,0.000173592,-0.062087789,3.458936328,1.354001293,0.001077654,-0.097518898,0.019753293,0.018118945,0.000328296,0.012718327,11.1644652,2.4197863,0.292142488,0,3.87689e-05,2.61401e-05,6.83305e-10,3.36792e-05,32.03220275,2.900829226,0.000568397,0
ut70_T2s05,1,495.0625,0.042028837,0.110796454,0.012275854,0.02045,-1.204499707,0.202894349,0.348,-0.2084,0.171236093,0.138003601,0.019044994,0.15976,-0.292041206,0.204729131,0.63756,-0.24472,-0.406717713,0.30715491,0.094344139,-0.426231,-1.220494107,-0.016069372,0.371749,-1.083501,-0.140308228,0.109471594,0.01198403,-0.147659984,-0.941992661,0.093939465,0.152293202,-0.453893266,-0.019778824,0.054716252,0.002993868,-0.019481796,1.981493687,0.771129405,0.279417064,-0.179007802,-0.051696886,0.044667873,0.001995219,-0.049216194,-0.182496825,-0.259111584,0.107142979,-0.196244134,0.207074274,0.324480584,0.105287649,0.04696163,5.069978449,2.191149213,2.109151516,0,0.002552894,0.004050987,1.64105e-05,0.001005964,21.75436366,3.620082942,0.057858528,0
vk04_T2s05,1,495.0625,-0.328137525,0.102375956,0.010480836,-0.3348,-0.598658512,0.215355289,0.0448,-0.5588,-0.220715718,0.197704804,0.039087189,-0.209,-1.178046184,-0.11335167,0.2597,-0.7173,-0.14635144,0.20647082,0.042630199,-0.20675,-1.414026079,0.170511234,0.3952,-0.5861,0.0911569,0.06774659,0.0045896,0.078203094,-1.108410327,0.263990187,0.278250577,-0.07333475,-0.038559494,0.038608929,0.001490649,-0.034530169,-0.293533292,-0.564944952,0.045715435,-0.140691381,0.107480416,0.037424676,0.001400606,0.103601351,-0.206435347,0.369310474,0.212396388,-0.020652864,0.079125318,0.045981247,0.002114275,0.069137812,1.798463911,1.145268829,0.438063809,0,0.000987204,0.000785087,6.16362e-07,0.000790657,2.353914687,1.312668613,0.006226386,0
vq83_T2s05,1,495.0625,0.112223266,0.127410142,0.016233344,0.0814035,5.76085967,1.500396224,1.00806,-0.55405,-0.033962646,0.17110074,0.029275463,-0.0378,46.50565885,5.335419677,2.3346,-0.40527,-0.038845491,0.191849832,0.036806358,-0.06115,45.14155459,5.027696952,2.32901,-0.9279,0.007119246,0.062999338,0.003968917,0.009142813,65.42111601,-5.745490438,0.164695726,-0.974081807,0.017906664,0.040224254,0.001617991,0.0062174,21.16851502,3.344403963,0.404963868,-0.201626623,-0.027079973,0.028130354,0.000791317,-0.02513204,6.91858481,1.033782642,0.19129278,-0.116929098,0.159352124,1.670675189,2.791155589,0.001034624,244.0513043,14.74165931,35.80776589,0,0.00141187,0.030014328,0.00090086,4.59725e-06,890.4317308,29.32340239,1.062974642,0
ws31_T2s05,1,495.025,0.345250788,0.258169657,0.066651572,0.36865,-0.934796181,0.115260711,1.2617,-0.1867,-0.004695207,0.087633128,0.007679565,0.01165,-1.093265621,-0.192885333,0.3921,-0.2007,-0.102838179,0.141504448,0.020023509,-0.08925,-0.78602836,-0.21496733,0.22728,-0.59885,0.024015497,0.03342825,0.001117448,0.026660881,-0.827379423,-0.147365096,0.113978528,-0.133024569,-0.00608031,0.067185491,0.00451389,-0.011722799,-0.951082184,0.18564921,0.148713281,-0.161337516,-0.112530344,0.082461494,0.006799898,-0.07758353,0.46167699,-1.340209448,0.01857076,-0.407484149,0.097749871,0.169915198,0.028871174,0.029359878,32.6982277,4.220376009,2.570237819,0,0.001525668,0.003205858,1.02775e-05,0.000177672,9.07059754,2.830277954,0.028564489,0
ww25_T2s05,1,495.025,-0.018564459,0.081752955,0.006683546,-0.03595,0.425911101,0.709887333,0.3626,-0.2742,0.104647889,0.070072927,0.004910215,0.09815,-0.72116557,0.144050984,0.3168,-0.0773,-0.23499191,0.143616622,0.020625734,-0.2174,-0.647277429,-0.116588223,0.3645,-0.6588,-0.047335199,0.030579678,0.000935117,-0.043996685,-0.528657848,-0.173995858,0.041797767,-0.162252048,-0.019318296,0.009561621,9.14246e-05,-0.019653696,1.20342443,0.189689147,0.036394742,-0.067579767,-0.000765842,0.020841448,0.000434366,0.004213723,0.379017276,-0.794543832,0.050973563,-0.125530534,0.018149666,0.028409665,0.000807109,0.004037542,6.739166123,2.277037499,0.298140123,0,2.99149e-05,5.27612e-05,2.78375e-09,7.65634e-06,59.1288645,5.373749323,0.000982915,0
xi27_T2s05,1,495.075,-0.070487322,0.205810744,0.042358062,-0.06643,-0.05462552,0.722989208,0.54427,-0.41138,-0.031072567,0.322205223,0.103816205,-0.043015,1.440967708,0.512293992,1.27814,-1.14726,0.176181944,0.158309464,0.025061886,0.1774,-0.141783873,0.04633527,0.6937,-0.3268,0.011840222,0.110075939,0.012116712,0.016800454,1.000305144,-0.464037308,0.366732706,-0.411079132,0.11742388,0.086927328,0.00755636,0.091196708,2.411468211,1.695450755,0.395881974,-0.049660998,0.178403404,0.085687278,0.00734231,0.211956888,-0.199091655,-0.985307462,0.347792028,-0.046848436,0.094104595,0.225469314,0.050836412,0.014660503,36.69621307,5.245020677,2.771795492,0,0.009112438,0.017485682,0.000305749,0.003164757,7.852924851,2.960876995,0.100306244,0
xx54_T2s05,1,495.0625,-0.068751188,0.09710802,0.009429968,-0.09818,-0.821711408,0.527223461,0.21558,-0.24356,-2.320810311,0.762344381,0.581168956,-2.4899227,-0.121563597,0.372870139,0.0376013,-3.8331727,1.422479066,0.476174918,0.226742553,1.490925,-0.196966828,-0.204480443,2.48651,-0.02117,0.760207979,0.260591969,0.067908175,0.817725085,-0.230121632,-0.36586239,1.272406599,-0.030789724,0.115291758,0.085565881,0.00732152,0.104492831,-1.057795186,0.521771996,0.311841926,-0.029735165,0.158857237,0.086546255,0.007490254,0.156365437,-0.812667617,0.279060303,0.37482155,-0.024843245,90.24218465,92.73315889,8599.438757,71.60417725,1.257588403,1.427369528,426.6548277,0,0.676055901,0.733438724,0.537932361,0.505892914,1.102343858,1.420813853,3.279190248,0
yv98_T2s05,1,495.0625,-0.243854224,0.284318294,0.080836892,-0.23355,-0.825535641,-0.103201799,0.44181,-0.935,-0.154466579,0.165588194,0.02741945,-0.17475,-1.336988316,0.100522339,0.1977,-0.5422,0.112712475,0.107803545,0.011621604,0.13165,-0.892726663,-0.240853129,0.444,-0.1992,0.023375533,0.068081601,0.004635104,0.027683242,-1.315540078,0.028449013,0.226967525,-0.12300124,-0.139239464,0.092328203,0.008524497,-0.165961481,-0.863326024,0.405346883,0.100043983,-0.302895915,-0.116271541,0.081253074,0.006602062,-0.138800327,1.586827008,1.517621474,0.159296217,-0.247090451,0.096647669,0.155770112,0.024264328,0.014156033,5.496977833,2.279965836,0.994333869,0,0.003892789,0.003863829,1.49292e-05,0.002532266,-0.066652726,0.956008455,0.020770326,0
au70_T2s025,1,947.2,0.015348457,0.32207583,0.10373284,-0.024055,-1.658419132,-0.033667467,0.62669,-0.6015,0.66136611,0.372132635,0.138482698,0.6128,-0.900675597,0.287292692,1.56709,-0.2737,-0.507570752,0.197381967,0.038959641,-0.49891,-0.41983703,0.435602158,0.15812,-1.45839,-0.26727169,0.126488123,0.015999245,-0.255905726,-0.723898206,-0.212782572,0.072766791,-0.623271085,-0.01737328,0.127618211,0.016286408,-0.036710156,-1.673872985,-0.021267947,0.161187658,-0.226784065,0.019191621,0.029076562,0.000845446,0.017971859,-0.889265756,0.064087771,0.132376286,-0.056952906,1.381148984,1.682163209,2.82967306,0.718103278,2.32154337,1.621125542,21.05898551,0,0.016773311,0.021704838,0.0004711,0.006537171,1.801596039,1.644037238,0.167646034,0
dl43_T2s025,1,947.2,-0.370268895,0.356760059,0.12727774,-0.4432,-1.456926189,0.053579058,0.26368,-1.0193,0.063933737,0.210965699,0.044506526,0.00326,-0.530959296,0.704717253,0.654625,-0.409465,-0.125027989,0.17411707,0.030316754,-0.17071,0.190352226,0.976560557,0.434131,-0.50647,-0.041931146,0.069559944,0.004838586,-0.021555687,-0.45404806,-0.757405706,0.107508121,-0.247655147,-0.081748761,0.145756334,0.021244909,-0.111853105,-1.441712927,0.081810587,0.201239222,-0.335766,0.041675755,0.060967401,0.003717024,0.023663842,-1.085788142,0.402491267,0.186919073,-0.086592021,0.196068562,0.244950576,0.060000785,0.094505812,2.650545454,1.736817609,1.388772876,0,0.002285502,0.002447288,5.98922e-06,0.001475471,1.19252686,1.302732146,0.013215894,0
dn20_T2s025,1,947.1375,-1.489780862,0.678319996,0.460118017,-1.64105,-0.110124486,0.854524752,0.15936,-2.9945,0.910242991,0.802397831,0.643842279,0.492935,-1.708576479,0.231115829,2.20299,-0.17119,-1.136148657,0.892433736,0.796437974,-0.7265,-1.401069451,-0.383975512,0.10976,-2.82445,-0.406150101,0.330722368,0.109377285,-0.253337583,-1.704582908,-0.16330574,0.067496354,-0.917965151,0.07562105,0.427076413,0.182394263,-0.036246502,-1.042197891,0.752397048,1.019044903,-0.411338284,0.618113522,0.436638573,0.190653244,0.431317411,-1.416857583,0.248861805,1.333010475,-0.019052417,63.33337197,68.84103513,4739.088118,13.70161561,-1.32993965,0.577403143,272.2618227,0,2.236201615,3.075931358,9.461353718,0.111412877,-0.854136813,0.957989218,9.282467826,0
dp20_T2s025,1,947.2,-0.240278864,0.187192061,0.035040868,-0.205725,-0.854779292,-0.397646576,0.16159,-0.74453,0.135295389,0.220284615,0.048525312,0.0533705,-1.021190057,0.519217743,0.900816,-0.289044,-0.780104622,0.569667474,0.324521031,-0.62151,-1.138063139,-0.20424412,0.29017,-2.21586,-0.075186683,0.108036752,0.01167194,-0.027911531,-1.070864347,-0.544491341,0.131361925,-0.413223501,-0.057118852,0.069667013,0.004853493,-0.032827381,-0.428845871,-0.838633364,0.074408855,-0.231634095,-0.055198371,0.032490473,0.001055631,-0.05080321,-0.809999426,-0.456400277,0.009847779,-0.140735299,2.604566383,4.152806247,17.24579973,0.172369381,3.284027874,1.886696445,30.96280519,0,0.002490225,0.004733068,2.24019e-05,3.46361e-05,4.370645226,2.105422252,0.048423222,0
iy25_T2s025,1,947.2,0.142494027,0.070837577,0.005017962,0.14255,3.608163524,-0.644150501,0.4911,-0.39551,0.174795838,0.162950259,0.026552787,0.15527,-0.877548964,0.164520769,0.683015,-0.200255,-0.667067147,0.328088747,0.107642226,-0.6953,-0.411711572,0.4285729,0.3571,-1.3827,-0.059019812,0.049410469,0.002441394,-0.060942527,-0.740736731,0.182153943,0.092302032,-0.213620559,0.016148961,0.020581821,0.000423611,0.013167691,2.277839943,0.12261376,0.154633189,-0.121967659,-0.034106904,0.015914965,0.000253286,-0.03673771,1.680427453,0.981384288,0.086058981,-0.099765446,0.628543815,0.785566251,0.617114334,0.292225275,3.210274022,1.779917112,5.236773074,0,0.000103482,0.000145125,2.10611e-08,4.30514e-05,16.78126723,2.865459361,0.00281516,0
kc73_T2s025,1,947.2,0.108233774,0.55230298,0.305038581,0.144475,-1.435325522,-0.090665342,1.23797,-1.031,-1.605539881,0.680243879,0.462731735,-1.72365,-0.665216859,0.527115879,0.3459,-2.9169,1.705316152,0.674424369,0.45484823,1.7652,-0.569899923,-0.19345448,3.4895,-0.3069,0.642840229,0.275446456,0.07587075,0.690153694,-0.76374033,-0.508658299,1.163091706,-0.10388525,0.082665276,0.154863905,0.023982829,0.078768327,-0.983934104,0.12316272,0.531759436,-0.348536401,0.045561287,0.072634149,0.00527572,0.05353152,-0.650886707,-0.208933962,0.231260624,-0.183851457,63.38672937,67.4013253,4542.938653,40.27612859,2.362248062,1.472352811,417.2034947,0,0.399161336,0.41364273,0.171100308,0.238519111,0.448067877,1.05567824,2.363196282,0
me21_T2s025,1,947.2,0.052982612,0.217863922,0.047464689,-0.00045,-1.439706569,0.155366008,0.6589,-0.3868,-0.443470153,0.539009715,0.290531473,-0.4476,-1.676896118,-0.131960158,0.4813,-1.3632,0.110054828,0.493680863,0.243720794,0.124478,-1.77027241,0.021123549,0.90303,-0.73985,0.244729635,0.281552741,0.079271946,0.21148463,-1.696646542,0.169722132,0.843185249,-0.217594661,-0.075205651,0.18726564,0.03506842,-0.093274009,-1.182730266,0.185750223,0.289812686,-0.401827014,-0.095760416,0.243852565,0.059464073,-0.007384764,-1.646609806,-0.119181,0.267725285,-0.470932153,1.133236372,1.428535137,2.040712638,0.127741659,-0.603657522,0.926295187,7.399065847,0,0.124977041,0.174279047,0.030373186,0.010425124,0.181585578,1.234257224,1.021359027,0
mf79_T2s025,1,947.2125,0.139855745,0.359363414,0.129142063,0.333855,0.037662578,-1.227232932,0.62124,-0.96126,-0.300339467,0.156598645,0.024523136,-0.300255,2.25607338,0.148624309,1.28594,-0.85873,0.113209506,0.285488091,0.08150345,0.10822,-0.069947721,-0.13865682,1.19702,-1.3721,0.096338271,0.079543301,0.006327137,0.079126821,0.632605482,0.640392681,0.36437193,-0.499447173,0.134957773,0.11378896,0.012947928,0.201137224,-0.901798762,-0.858304434,0.495290363,-0.170782038,0.031814114,0.056725071,0.003217734,0.009534322,0.629857066,1.335964549,0.234509342,-0.079001863,0.206506648,0.37649671,0.141749773,0.076598085,183.955682,8.347915498,13.39745479,0,0.003177726,0.003187911,1.01628e-05,0.002768652,494.9065732,14.53286133,0.138388335,0
nv85_T2s025,1,947.1875,4.645039497,1.813284219,3.28799966,5.37655,0.262708079,-1.177310876,6.7807,-0.3153,-0.748867533,0.71804212,0.515584487,-0.851735,-1.306914237,0.117206379,0.7089,-2.4526,0.407763722,0.545208736,0.297252565,0.40702,-0.361591796,0.111514248,2.4697,-0.8419,0.282298283,0.277826074,0.077187327,0.318322399,-1.272172288,0.00044037,1.040041424,-0.250272107,-0.02353803,0.073681587,0.005428976,-0.009626139,-0.354824706,-0.452767314,0.219429215,-0.249344358,-1.608651343,0.64114486,0.411066732,-1.818714123,0.042823466,1.039945746,0.14444592,-2.387487906,908.8221205,693.6228059,481112.5968,911.6537989,-1.268246014,0.179517871,2864.68953,0,13.29055538,10.69421424,114.3662181,11.88955395,-1.386654023,0.231377452,39.18571569,0
pa30_T2s025,1,947.2,0.564561923,0.251524441,0.063264544,0.64635,0.093310185,-0.992449962,1.2651,-0.3937,-0.345671271,0.192450439,0.037037172,-0.3458,-0.539597857,0.084474534,0.3952,-0.938,0.044059925,0.108335238,0.011736524,0.0363,0.027565469,0.254461829,0.4691,-0.5053,0.102459424,0.066536906,0.00442716,0.100937956,-0.473755696,0.007745123,0.309352723,-0.158880175,0.400029262,0.147873935,0.021866701,0.448786382,0.546789037,-1.177377844,0.708880305,-0.098635392,0.148829715,0.043960085,0.001932489,0.1548026,3.439919613,-0.848785789,0.526791303,-0.077493827,0.429684828,0.431894761,0.186533085,0.299383059,1.397167786,1.254744991,2.899791508,0,0.061766002,0.045608542,0.002080139,0.058157969,-0.94026848,0.202175364,0.30333544,0
qg37_T2s025,1,947.1875,-1.942420049,1.06085754,1.125418721,-2.17674,-0.039843612,0.736902614,0.3688,-10.20519,-1.223793952,0.421335838,0.177523888,-1.4224996,0.598282788,1.149567699,0.7313804,-4.0582996,0.586585012,0.232637803,0.054120347,0.635815,6.258289588,-0.144879636,3.70576,-1.04144,0.392843493,0.125783102,0.015821389,0.443538544,1.859571184,-1.042542866,1.518264531,-0.364452751,0.07436385,0.102675422,0.010542242,0.046826463,-1.07410654,0.374691718,0.577454309,-0.122817674,0.928351125,0.473702654,0.224394205,1.11802851,0.425721067,-1.165070737,4.718048447,-0.072623712,67.09877934,125.5540654,15763.82334,56.57409611,4047.625693,52.85252934,11264.63676,0,2.139975432,5.204774371,27.08967625,2.256270395,5495.435847,66.84493571,504.9183455,0
sc17_T2s025,1,947.2,0.072971441,0.06253553,0.003910693,0.0768,0.054121308,-0.071822212,0.3973,-0.1199,-0.378717592,0.170487148,0.029065868,-0.41658,0.679201511,1.008944726,0.5526,-0.73514,0.314706378,0.151324029,0.022898962,0.3411,0.612406205,-0.844249217,0.6561,-0.6505,0.166744754,0.059731799,0.003567888,0.179442896,1.128299733,-1.056716077,0.303927328,-0.264075826,-0.008224131,0.032567975,0.001060673,-0.002233974,-0.798800581,-0.226420563,0.095017026,-0.097437398,-0.002025055,0.036197512,0.00131026,0.007900108,-1.010331902,-0.340533526,0.089108526,-0.105894227,0.127341012,0.128994833,0.016639667,0.092134677,2.57516812,1.485490522,0.842898168,0,0.001420085,0.001176796,1.38485e-06,0.001200761,2.796461299,1.346694379,0.009157227,0
um68_T2s025,1,947.2125,0.744792927,0.305246039,0.093175145,0.90013,1.038647392,-1.542496602,1.04709,-0.10584,-0.24678608,0.195420622,0.03818922,-0.217055,-1.411937542,-0.004207872,0.329,-0.71457,-1.067159385,0.62743825,0.393678758,-1.0143,-1.375501042,0.138741744,0.0374,-2.2624,0.121210611,0.074837671,0.005600677,0.114984949,-1.32348081,0.046880301,0.300846812,-0.093987948,0.145811631,0.067480901,0.004553672,0.178772575,0.354604465,-1.337325059,0.249505157,-0.035968792,-0.159448656,0.048238721,0.002326974,-0.17652943,2.308306931,1.800768645,0.018484862,-0.223216338,7.497835099,7.205547276,51.91991155,4.460039404,-0.966762136,0.618846005,38.15687042,0,0.006491953,0.00432456,1.87018e-05,0.005797443,0.713135638,0.750385043,0.029327795,0
ut70_T2s025,1,947.2125,0.061635477,0.081121077,0.006580629,0.056205,0.538855908,0.499520747,0.39622,-0.16951,0.016496757,0.244031226,0.059551239,0.05551,-0.61219822,-0.379554607,0.61623,-0.64429,-0.540838482,0.409164894,0.16741591,-0.6266,-1.206033271,0.30441477,0.38747,-1.26977,-0.061387876,0.120145494,0.01443494,-0.075770492,-0.727284949,0.320130079,0.243344227,-0.332964571,0.106960358,0.098873911,0.00977605,0.096518404,-1.151201047,0.189471995,0.316684832,-0.08860964,0.081119347,0.093674147,0.008774846,0.069286415,-1.009956126,0.333084868,0.278906931,-0.105079404,0.471409268,0.617686445,0.381536545,0.164393431,1.794714305,1.540757566,3.731295858,0,0.005471812,0.007299284,5.32795e-05,0.00094532,0.211521759,1.205442367,0.038279927,0
vk04_T2s025,1,947.2,-0.383443674,0.139030049,0.019329354,-0.3593,-0.366835806,-0.247908725,0.0404,-0.7305,0.592297282,0.511715473,0.261852725,0.6004,-1.121362727,0.098999505,1.7192,-0.3823,-0.529579425,0.588565392,0.346409221,-0.5284,-1.108473189,-0.33190584,0.396,-1.9329,-0.233624543,0.194703098,0.037909297,-0.248014095,-1.111539109,-0.099023144,0.132167323,-0.674051735,-0.186961322,0.060362359,0.003643614,-0.20732326,0.855254248,1.287842849,0.003653468,-0.303129047,-0.024947787,0.035004004,0.00122528,-0.0274736,-0.7410659,0.097275144,0.074262436,-0.116941295,3.988754565,7.083822087,50.18053536,0.639500897,6.916472954,2.604466697,42.03250515,0,0.029734872,0.042651614,0.00181916,0.015141926,5.387996549,2.280651921,0.265746802,0
vq83_T2s025,1,947.2,-1.064895217,0.222863864,0.049668302,-1.14197,4.139132391,1.514043294,0.1664,-2.28268,-3.198959183,0.816785523,0.667138591,-3.28767,1.695434959,1.012338326,1.00965,-4.95422,2.791354541,0.672388171,0.452105852,2.89055,3.145403571,-1.343998691,5.3636,-1.122,1.336061333,0.5923142,0.350836112,1.300059072,3.57916426,1.676900127,3.313653189,-0.31636295,-0.431309344,0.097861114,0.009576798,-0.471595149,3.993820198,1.872029087,0.17022203,-0.613839348,-0.060279178,0.330481328,0.109217908,-0.053751948,3.241481375,0.667237162,1.016067072,-1.528432576,477.2841712,317.153113,100586.0971,424.8336498,0.337079812,0.716674033,1767.803266,0,11.84713062,28.38218244,805.5482801,3.872541095,9.494676116,3.259296997,148.1654676,0
ws31_T2s025,1,947.1,3.440876831,1.557516382,2.425857281,3.9902906,0.063613026,-1.117308343,5.5173406,-0.3948594,-0.488123601,0.119234341,0.014216828,-0.5004,1.40021481,0.885712264,0.2322,-0.826,0.211723366,0.159153159,0.025329728,0.21159,0.521953556,-0.286718696,0.73409,-0.795364,0.209584316,0.06224844,0.003874868,0.209544246,-0.170814586,-0.328937465,0.3527568,-0.130689615,0.313683854,0.159029028,0.025290232,0.340508186,-0.747796074,-0.50020126,0.659172444,-0.028275843,-0.895326299,0.41269668,0.17031855,-1.064095151,0.030602338,1.054965321,0.12877993,-1.438173913,282.471284,217.1464316,47152.57277,261.7166026,-1.422760212,0.075501633,987.8157194,0,1.751809121,1.394033442,1.943329238,1.602323028,-1.480474404,0.133734457,5.490757323,0
ww25_T2s025,1,947.125,-0.577560453,0.179638744,0.032270078,-0.5811,-0.855748499,-0.090731205,0.105,-1.47895,-0.993038829,0.109369993,0.011961795,-1.0023,1.068119174,0.468860183,0.0,-1.6772,0.102678705,0.261701494,0.068487672,0.13495,-0.747797631,-0.264012169,1.8143,-0.6227,0.394589454,0.048229784,0.002326112,0.399274289,0.527459677,-0.337188354,0.746031836,0.0,-0.075467929,0.020869572,0.000435539,-0.075046694,1.733375946,0.345310831,0.059691231,-0.220358903,0.149864593,0.050307223,0.002530817,0.149097103,-1.241655664,0.041276217,0.321317057,-0.070812918,2.258126456,1.324884266,1.755318319,2.001196603,63.70681216,3.00334518,41.0435586,0,0.038391262,0.019706615,0.000388351,0.036301945,3.8961925,0.746642264,0.339860946,0
xi27_T2s025,1,947.2,0.579459469,0.296665844,0.088010623,0.63171,-0.953058342,-0.184157415,1.25781,-0.09506,-0.4484535,0.4174542,0.174268009,-0.35845,0.530055588,-0.869331688,0.9234,-1.8362316,-0.445057425,0.3370613,0.11361032,-0.45755,-0.684813311,0.014428943,0.4493,-1.5299,0.130588206,0.126077973,0.015895655,0.103433192,0.723511404,0.892484639,0.568008344,-0.419140003,-0.046091975,0.075844681,0.005752416,-0.049004059,-0.224588685,-0.267998707,0.147200931,-0.274864194,-0.347696272,0.183336043,0.033612105,-0.375671271,-0.742540711,0.551272428,0.043926232,-0.684394194,1.940008703,2.533424972,6.41824209,1.010310977,6.06523907,2.236180483,21.02149612,0,0.058220327,0.063002207,0.003969278,0.033942269,0.218247723,1.095540679,0.315644096,0
xx54_T2s025,1,947.2,0.060138676,0.08076098,0.006522336,0.0682055,-0.172549981,-0.400224006,0.296804,-0.228126,-0.800333313,0.338661087,0.114691332,-0.8798,3.266475459,1.596340661,0.8005,-1.4706,0.36553965,0.233352941,0.054453595,0.4059,1.489540464,-1.029884586,0.9083,-0.67584,0.249688592,0.105666742,0.01116546,0.274424523,3.425385275,-1.620688653,0.467897987,-0.270439485,0.12961825,0.048384218,0.002341033,0.142201107,0.682955435,-0.983828186,0.218408959,-0.063931675,0.115805515,0.051266596,0.002628264,0.124196106,1.790678781,-1.108003357,0.232026761,-0.10463512,1.200340093,1.198308946,1.43594433,0.909565371,3.784360737,1.735434498,8.533366701,0,0.014751547,0.012723463,0.000161887,0.012131289,2.117853088,1.302174433,0.085025328,0
yv98_T2s025,1,947.2125,-0.540033891,0.317871274,0.101042147,-0.5039,-0.491750366,-0.215994864,0.2547,-1.3464,0.491905488,0.183054894,0.033509094,0.531,-0.164351512,-0.778629187,0.8404,-0.0796,-0.637540653,0.200148978,0.040059613,-0.70465,0.245883156,1.031993696,0.1087,-1.0006,-0.242182558,0.084541267,0.007147226,-0.267928876,-0.582990374,0.698769984,0.03588032,-0.403363267,0.047301236,0.053571409,0.002869896,0.051810028,-0.497688147,-0.230894632,0.186363501,-0.09109826,0.235895628,0.076624545,0.005871321,0.219475441,0.309516168,0.81795184,0.465865025,-0.026379084,1.541421898,1.276943598,1.630584954,1.312505715,1.237807073,1.133685194,7.074287351,0,0.020333178,0.015083277,0.000227505,0.017777858,1.728064118,1.226392538,0.094241369,0
au70_T2s035,1,688.8375,0.328664328,0.212728132,0.045253258,0.36418,1.619170997,-1.166077394,0.86298,-0.46425,-1.489820978,0.649369456,0.421680691,-1.7511806,0.331355773,1.056119636,0.2959494,-2.7561306,0.343002765,0.20718361,0.042925048,0.369565,-0.328298244,-0.409138814,1.02918,-0.28452,0.475451012,0.212981619,0.04536117,0.555652267,-0.080203505,-0.866738672,0.929680006,-0.086785217,0.235704804,0.113614499,0.012908254,0.259014743,1.620596085,-1.223716883,0.388611354,-0.153729043,0.046050612,0.038973311,0.001518919,0.052776062,-0.947301609,-0.328530189,0.141247733,-0.066342021,11.84744051,10.73334926,115.2047863,11.4778576,1.601560036,1.066753046,80.94840406,0,0.162720375,0.151645448,0.022996342,0.149113366,0.673433068,0.966311194,1.013837024,0
dl43_T2s035,1,688.8375,0.090499971,0.150225959,0.022567839,0.072335,-0.926111266,-0.1870068,0.389207,-0.29022,0.715383255,0.238324068,0.056798361,0.79624,0.167232673,-1.04619899,1.12834,-0.04435,-0.945779339,0.430180981,0.185055677,-1.08295,-0.873609197,0.488856158,0.07898,-1.7766,-0.294768301,0.116773832,0.013636128,-0.331066658,-0.335599753,0.77809894,0.047105171,-0.521994214,0.005496484,0.049364016,0.002436806,0.001795159,-1.009652879,-0.221871214,0.100888019,-0.112624751,-0.073811122,0.037127144,0.001378425,-0.073699495,-1.046636166,-0.026121666,0.012784429,-0.167136679,3.890319697,3.655125682,13.35994375,3.384996613,0.779039655,1.056360179,19.12446874,0,0.016342647,0.01506354,0.00022691,0.013686332,0.962683177,1.091641923,0.085843344,0
dn20_T2s035,1,688.7625,0.160878584,0.264630756,0.070029437,0.271,-1.544410977,-0.266491278,0.64136,-0.4189,0.296926507,0.1739199,0.030248131,0.2796,-0.908857594,0.138720485,0.6984,-0.094,-0.555120335,0.346203921,0.119857155,-0.5422,-1.121152779,-0.046597816,0.12,-1.2522,-0.092085778,0.063694585,0.004057,-0.07585815,-1.049720503,-0.37426607,0.047902562,-0.244739006,0.04219017,0.046771125,0.002187538,0.064053218,-1.501647569,-0.292885909,0.132874653,-0.076111207,-0.026608353,0.048321738,0.00233499,-0.032953181,-1.288786373,-0.041430412,0.075024103,-0.119652822,0.750621732,1.043865603,1.089655398,0.191446538,1.311885661,1.500922543,4.878016113,0,0.000742033,0.001075818,1.15738e-06,0.000157194,1.367483184,1.515759476,0.005852431,0
dp20_T2s035,1,688.8375,-0.001661638,0.106070296,0.011250908,-0.00271,-0.741833961,0.027024171,0.26912,-0.26398,0.254217307,0.15247904,0.023249858,0.2171,-0.040913182,0.862676577,0.7051,-0.0768,-0.543257182,0.308070211,0.094907255,-0.5036,-0.331382584,-0.584410267,0.1633,-1.4091,-0.107188349,0.048746478,0.002376219,-0.104850496,-0.534972644,-0.241710238,0.027421454,-0.236715886,-0.031188686,0.015456578,0.000238906,-0.031466492,-0.149762184,0.151904532,0.035966906,-0.078662948,0.035130098,0.013753292,0.000189153,0.034710454,-0.149060054,0.019735799,0.085093022,-0.023116575,0.498708061,0.916140629,0.839313652,0.09779673,4.300765033,2.26103942,5.876900348,0,0.000408086,0.000522057,2.72544e-07,0.000206546,3.552351576,1.921015637,0.003501913,0
iy25_T2s035,1,688.85,-0.053269829,0.057596294,0.003317333,-0.05481,0.029681642,-0.179567275,0.1162,-0.29081,0.068910516,0.128467512,0.016503902,0.075255,-0.421774819,-0.294026253,0.41614,-0.35816,-0.228927829,0.267534757,0.071574846,-0.2091,-0.777297562,-0.041715729,0.4867,-0.873,-0.015358349,0.042271518,0.001786881,-0.014528013,-0.346615565,0.14148984,0.126290077,-0.131648571,0.018860214,0.01576892,0.000248659,0.018020982,-0.670081709,0.166844799,0.072813973,-0.028811852,-0.009679141,0.018756,0.000351788,-0.0069731,-0.672331668,-0.292483406,0.045840891,-0.0697805,0.051199981,0.09183408,0.008433498,0.005674491,5.697105113,2.372215595,0.714974937,0,1.85247e-05,3.38376e-05,1.14498e-09,4.37376e-06,14.74806364,3.276431751,0.000374183,0
kc73_T2s035,1,688.8375,0.1757368,0.332217599,0.110368533,0.1846,-1.161307102,0.094397421,1.13394,-0.4437,-2.637552552,1.461102888,2.134821648,-2.60075,-1.530691342,0.129867023,0.4524,-4.8788,2.316381091,1.208962869,1.461591218,2.3811,-1.303884857,-0.032469957,4.9284,-0.2539,1.066915539,0.580837927,0.337372697,1.059868661,-1.451700483,-0.157487843,1.994263371,-0.195153855,0.222742145,0.118522717,0.014047634,0.202248867,-1.08280497,0.378302489,0.528119775,-0.064494248,0.023340522,0.047885067,0.00229298,0.024031105,-0.015559284,-0.135476459,0.186298786,-0.203407217,434.0894089,494.43078,244461.7962,159.3100131,0.389538913,0.998038273,2264.652691,0,3.979149669,4.380734457,19.19083439,1.336681488,-0.507846461,0.733955479,17.83877879,0
me21_T2s035,1,688.825,1.054067087,0.817542782,0.668376201,1.13285,-1.507707903,-0.265836674,2.03796,-0.426,-0.832361322,0.428801458,0.18387069,-1.0539,-1.191216183,0.550100113,0.07509,-1.3604,0.637840617,0.269024278,0.072374062,0.70925,-0.267547017,-0.890817837,1.1192,-0.1733,0.427422839,0.226382225,0.051248912,0.535132115,-1.353346629,-0.446008739,0.71842059,-0.013280263,0.042999497,0.073404843,0.005388271,0.030175546,-0.461201899,0.695566613,0.230393024,-0.08204637,-0.455132719,0.346292714,0.119918644,-0.57754349,-1.647921224,0.149843992,0.077788886,-0.916761446,15.87733831,15.76973632,248.6845835,9.497182905,-1.688018545,0.281392252,45.42390389,0,0.549301781,0.570697976,0.32569618,0.386702157,-1.342980454,0.448513114,1.764293769,0
mf79_T2s035,1,688.8375,0.326572918,0.150003563,0.022501069,0.30768715,-0.758764224,0.365372043,0.69968,-0.00889,-0.33384728,0.103460363,0.010704047,-0.33496,0.752010782,0.494180596,0.08571,-0.60976,0.124665038,0.15050324,0.022651225,0.11012,-0.271718534,0.296319296,0.73666,-0.333926,0.149762455,0.043429664,0.001886136,0.149606707,0.495245393,-0.358887158,0.275444955,-0.01651893,0.081695848,0.031769177,0.001009281,0.081252184,-0.408732352,-0.173068563,0.171285694,-0.030798434,-0.018427594,0.032461249,0.001053733,-0.012468259,-0.850234633,-0.420312748,0.052852356,-0.101835732,0.10756815,0.099326946,0.009865842,0.082110162,2.062518461,1.292889063,0.70091123,0,0.001315367,0.001030908,1.06277e-06,0.001097289,3.068726948,1.480367843,0.007906083,0
nv85_T2s035,1,688.8375,-0.116965581,0.440851769,0.194350283,-0.0395,-0.798287629,-0.400395763,0.834,-1.1945,0.640336025,0.394963031,0.155995796,0.712015,0.65103692,-0.714461797,2.00674,-0.73786,-0.913340903,0.566010312,0.320367673,-1.06677,0.438020764,0.863454203,1.17508,-2.29557,-0.399923551,0.1941375,0.037689369,-0.445318903,0.327415166,0.782449589,0.293637697,-0.961050722,-0.011097697,0.062563007,0.00391413,-0.006667752,-0.745533962,-0.114024972,0.143584462,-0.180304691,0.065239064,0.14504045,0.021036732,0.054187503,-0.578197878,0.452692695,0.423360959,-0.202054545,5.8378407,8.516722198,72.534557,3.281988208,15.2197943,3.37147754,92.65782553,0,0.076366389,0.098017595,0.009607449,0.049067797,13.19073959,3.030188065,0.915703834,0
pa30_T2s035,1,688.8375,0.298731811,0.374862132,0.140521618,0.14925,-0.218800643,0.986069535,1.243614,-0.2477,0.892874228,0.385249707,0.148417337,0.9519,-0.511920981,-0.493309076,1.6116,-0.1003,-0.696982457,0.331677008,0.110009638,-0.72166,-0.684942767,0.211781461,0.10899,-1.39731,-0.338269426,0.146565558,0.021481463,-0.364115876,-0.482274493,0.456151406,0.066110175,-0.633584186,0.074759901,0.190473074,0.036279992,-0.01664424,0.546132491,1.393191969,0.583566354,-0.122549256,-0.004963595,0.088214398,0.00778178,-0.0328172,0.546836594,1.29109804,0.243284507,-0.154227365,5.164849553,7.068180587,49.95917681,2.139947944,2.256745103,1.770058674,32.64224426,0,0.06563095,0.116030306,0.013463032,0.019909229,4.371331862,2.337282954,0.562307218,0
qg37_T2s035,1,688.8375,-0.854307462,0.502541479,0.252547938,-0.8201,0.008357572,0.181945055,0.9821,-1.93,-0.289089699,0.386157651,0.149117731,-0.1948635,-1.382040768,-0.119770521,0.5749,-1.01985,-0.066214216,0.241259634,0.058206211,-0.1206,-1.388220188,0.049414274,0.47242,-0.6769,0.013554607,0.131170699,0.017205752,-0.018885262,-1.344238623,0.101958258,0.293055495,-0.288856744,0.156377866,0.083441089,0.006962415,0.137191677,0.342647408,0.846215558,0.458932833,-0.013965593,0.682172627,0.187086312,0.035001288,0.684161598,1.330069146,-0.858201202,1.03145232,-0.040420492,2.759537259,3.810779549,14.52204077,0.755105394,1.329773654,1.54118216,18.06634495,0,0.353373249,0.260311525,0.06776209,0.267100464,-0.046978231,0.901834929,1.20129322,0
sc17_T2s035,1,688.8375,1.459787173,0.500765183,0.250765768,1.63926,0.465550573,-1.311376786,2.05076,-0.00737,-0.963501576,0.485493144,0.235703593,-1.13434,-0.478911698,0.827663498,0.1437,-1.717218,0.928129147,0.480124842,0.230519864,1.08146,-0.326552413,-0.893955679,1.871315,-0.2194,0.362347655,0.189291385,0.035831228,0.417551103,-0.248878299,-0.928517838,0.686264401,-0.101172357,0.094719985,0.093225506,0.008690995,0.123515133,0.134749702,-1.150648867,0.237366324,-0.159867411,-0.46193657,0.126485861,0.015998673,-0.499718698,1.601135713,1.354106039,0.01340937,-0.66790663,25.93945913,18.80847175,353.7586096,27.96217743,-1.09147831,0.305127948,79.3257631,0,0.193381448,0.112417142,0.012637614,0.199145817,-1.134893552,0.121863633,0.507121611,0
um68_T2s035,1,688.8375,0.10584722,0.053813596,0.002895903,0.11352,1.060892748,-0.891041397,0.24746,-0.12165,-0.211878265,0.094969152,0.00901914,-0.2034,-0.685044961,-0.157840368,0.0565,-0.4981,-0.167858321,0.196137324,0.03846985,-0.1829,-1.254917119,-0.080284784,0.2291,-0.6263,0.075500699,0.040719079,0.001658043,0.07043213,-0.624230032,0.19016419,0.199981006,-0.055352216,-0.05721541,0.043573041,0.00189861,-0.053819509,-0.464539581,-0.34997788,0.053449609,-0.169940828,-0.107326423,0.042481283,0.001804659,-0.121134018,-1.125811683,0.23679524,0.002349199,-0.200820215,0.022169407,0.020203937,0.000408199,0.014657854,3.244893813,1.654348778,0.174147772,0,0.000817149,0.000728026,5.30022e-07,0.000568132,1.813036299,1.485334864,0.004537217,0
ut70_T2s035,1,688.8375,-0.200395084,0.105928786,0.011220908,-0.1925,-0.523262799,-0.284744722,0.0586,-0.5187,0.270981066,0.373796665,0.139723946,0.255985,-1.016808505,-0.153190227,1.17587,-0.63489,-0.355287399,0.349191757,0.121934883,-0.30675,-0.962015312,-0.015828161,0.690377,-1.37375,-0.155678496,0.151828523,0.0230519,-0.150658442,-0.906904286,0.106381504,0.222138185,-0.578495182,-0.030901316,0.060944519,0.003714234,-0.022083154,-0.22282305,-0.084073132,0.247107247,-0.230398849,0.062263561,0.061486566,0.003780598,0.060128364,-0.775514157,0.147359697,0.251507973,-0.113509282,0.515782244,0.847306782,0.717928782,0.06623531,15.9515571,2.933918091,10.78793982,0,0.006821034,0.011736132,0.000137737,0.001231722,34.16241763,3.96680207,0.20429905,0
vk04_T2s035,1,688.8375,-0.17828496,0.16645384,0.027706881,-0.12785,-0.670699126,-0.666041291,0.10808,-0.5851,0.650876677,0.274369395,0.075278565,0.69345,-0.045338735,-0.449900543,1.1872,-0.1573,-0.601576983,0.193197606,0.037325315,-0.6248,0.671329132,0.842418762,0.0324,-1.0098,-0.240124957,0.10653095,0.011348843,-0.252121325,-0.051993505,0.406468552,0.08202754,-0.463984371,-0.011366095,0.048944158,0.002395531,-0.011461869,-0.605553388,-0.294079506,0.08987624,-0.129508271,0.137758187,0.053341835,0.002845351,0.138794898,-0.302888563,-0.181587069,0.251315729,-0.024609567,1.280716076,1.463373187,2.141461084,0.846016808,1.485291439,1.622457781,6.680324126,0,0.01305148,0.016372116,0.000268046,0.007218731,1.624437126,1.664956271,0.079416934,0
vq83_T2s035,1,688.8375,0.036774663,0.130567718,0.017047929,0.02748,5.935082284,0.567876579,1.53544,-0.48108,0.593510016,0.391826345,0.153527885,0.662635,-1.158334703,-0.080593818,2.35986,-0.191754,-0.614929323,0.397399799,0.1579266,-0.64029,-1.040142994,0.091093012,0.25273,-1.92499,-0.216603541,0.150320453,0.022596238,-0.236688808,-1.006101445,0.004447221,0.10645692,-0.998205054,0.037073717,0.053426489,0.00285439,0.01967342,3.728055544,0.875332296,0.618039865,-0.098811049,-0.056057082,0.027374206,0.000749347,-0.053159919,3.026548141,-0.201322192,0.183160726,-0.26184409,2.092060641,3.378242867,11.41252487,0.729119761,277.3912208,10.11480459,121.8187616,0,0.012003562,0.03632884,0.001319785,0.003529841,1476.033792,33.46458344,1.878215827,0
ws31_T2s035,1,688.775,0.060795006,0.222315441,0.049424155,0.08125,2.144895195,-1.097309354,0.5514,-1.2091,-0.068476664,0.107833207,0.011628001,-0.08895,-1.042588396,0.31111981,0.253,-0.3305,0.002824206,0.197142803,0.038865285,0.04122,-0.506079317,-0.3094314,0.59667,-0.55866,0.038278939,0.050186151,0.00251865,0.045937855,-0.848158198,-0.267924189,0.179665755,-0.102640074,-0.03813069,0.087470858,0.007651151,-0.048243665,-0.114453054,0.579286122,0.256561396,-0.217815193,-0.09729032,0.075488738,0.00569855,-0.109657381,2.036217499,1.303555893,0.274349804,-0.400635983,0.022853576,0.071813315,0.005157152,0.005964783,601.4112547,20.29325759,2.679498222,0,0.001182446,0.001672257,2.79645e-06,0.000529356,155.1135473,7.143336221,0.050609381,0
ww25_T2s035,1,688.7875,1.732048184,1.126696971,1.269446065,2.09441,-1.316631793,-0.315163996,5.59626,-1.97604,0.706276039,0.712987357,0.508350971,0.73738,-1.267233399,0.014071377,4.49938,-0.34454,-1.422019594,1.259545407,1.586454631,-1.55205,-1.512887416,0.075356701,0.51225,-5.3021,-0.314413726,0.357845173,0.128053168,-0.318191503,-1.364917966,-0.048274566,0.201447692,-1.983415145,0.344603679,0.249063149,0.062032452,0.415077012,-1.56269406,-0.210300602,0.923827552,-0.135784125,-0.34879129,0.230537975,0.053147758,-0.354204765,1.047234786,-0.753471601,1.350002744,-1.802024895,135.31301,151.2878909,22888.02593,138.2117368,26.9510956,2.458476488,2956.791497,0,0.572298822,0.719233915,0.517297424,0.56159831,132.6228288,6.808131328,18.91122537,0
xi27_T2s035,1,688.8375,0.415082367,0.288048495,0.082971936,0.4659,-0.339463022,-0.305641325,1.5775,-0.86281,-1.521388984,0.625995206,0.391869999,-1.54199,-0.8357029,0.252370683,0.87821,-2.91159,0.234899141,0.281272637,0.079114296,0.2845,9.815725391,-2.047585442,0.8677,-2.538,0.455960034,0.189463729,0.035896505,0.442203174,-0.890179094,-0.017936933,0.895224633,-0.409008154,0.092753105,0.059433358,0.003532324,0.100565941,1.432413026,-0.58931531,0.332833333,-0.353367957,-0.08043851,0.11573333,0.013394204,-0.097577199,-1.156471662,0.160541351,0.154061389,-0.473397543,13.56266594,14.55812996,211.9391478,7.388790203,1.313668505,1.247230148,107.3845653,0,0.115096687,0.139006893,0.019322916,0.045770547,2.022369319,1.472626386,1.007274507,0
xx54_T2s035,1,688.8375,0.017686165,0.057199413,0.003271773,0.024568,-0.145964777,-0.42203539,0.290348,-0.192242,-0.451123649,0.246366263,0.060696335,-0.5094,1.270626608,1.047687309,1.2936,-1.0547,0.24704781,0.170928861,0.029216676,0.27435,1.167649574,-0.910892277,0.6945,-0.87655,0.158632608,0.076365887,0.005831749,0.177532766,1.316330729,-1.077901009,0.333209375,-0.365947807,0.100442044,0.06056617,0.003668261,0.118153594,-0.310081073,-0.767237293,0.192592366,-0.088554091,0.135011619,0.069952392,0.004893337,0.145100493,-0.258234963,-0.6259168,0.276491773,-0.090168533,0.190152889,0.240474622,0.057828044,0.117940088,44.99550305,3.770934693,6.197782985,0,0.006009333,0.005517608,3.0444e-05,0.004529354,1.918429201,1.269767061,0.037113467,0
yv98_T2s035,1,688.8375,0.369131156,0.29796073,0.088780597,0.38885,-0.948306842,-0.205143934,1.0256,-0.3422,0.418030955,0.312718796,0.097793046,0.35535,-1.404401979,0.200358789,1.0205,-0.161,-0.430900977,0.287065203,0.082406431,-0.3962,-1.382170064,-0.133103409,0.1267,-1.0242,-0.150113203,0.125820328,0.015830755,-0.124697995,-1.26564131,-0.228181489,0.114172226,-0.402940903,-0.18466744,0.101674395,0.010337683,-0.170418995,-1.429164459,-0.106534415,0.007350088,-0.385499232,-0.294613724,0.200012104,0.040004842,-0.195958406,-1.185833939,-0.548086984,0.046036836,-0.723289772,0.842605187,0.96190535,0.925261902,0.414039843,0.654445792,1.361176384,4.666655263,0,0.069622164,0.090346819,0.008162548,0.02569234,1.313414423,1.528289727,0.415975764,0
